:020000040800F2
:10280000004000207D2D0008652D0008672D000880
:1028100000000000000000000000000000000000B8
:10282000000000000000000000000000692D00080A
:1028300000000000000000006B2D00081996000841
:10284000CD2D0008CD2D0008CD2D0008CD2D000880
:10285000CD2D0008CD2D0008CD2D0008CD2D000870
:10286000CD2D0008CD2D0008CD2D00086D480008A5
:10287000CD2D0008CD2D0008CD2D0008CD2D000850
:10288000CD2D0008CD2D0008CD2D0008CD2D000840
:10289000CD2D0008CD2D0008CD2D0008CD2D000830
:1028A000CD2D0008CD2D0008CD2D0008CD2D000820
:1028B000CD2D0008CD2D0008000000006972010830
:1028C00002B4714649084900095649008E4402BCC9
:1028D0007047C04602B4714649084900095C490086
:1028E0008E4402BC7047C04603B47146490840009C
:1028F0004900095E49008E4403BC704703B4714629
:10290000490840004900095A49008E4403BC7047F9
:1029100003B47146023189088000890008584018C4
:10292000864603BCF746C046002243088B4274D358
:1029300003098B425FD3030A8B4244D3030B8B42C0
:1029400028D3030C8B420DD3FF22090212BA030CC9
:102950008B4202D31212090265D0030B8B4219D3AA
:1029600000E0090AC30B8B4201D3CB03C01A5241CA
:10297000830B8B4201D38B03C01A5241430B8B4212
:1029800001D34B03C01A5241030B8B4201D30B03FB
:10299000C01A5241C30A8B4201D3CB02C01A524122
:1029A000830A8B4201D38B02C01A5241430A8B42E5
:1029B00001D34B02C01A5241030A8B4201D30B02CE
:1029C000C01A5241CDD2C3098B4201D3CB01C01AE8
:1029D000524183098B4201D38B01C01A52414309F2
:1029E0008B4201D34B01C01A524103098B4201D3E0
:1029F0000B01C01A5241C3088B4201D3CB00C01A4D
:102A0000524183088B4201D38B00C01A52414308C4
:102A10008B4201D34B00C01A5241411A00D20146E9
:102A2000524110467047FFE701B5002000F0F0F872
:102A300002BDC0460029F7D076E7704703460B4336
:102A40007FD4002243088B4274D303098B425FD3A7
:102A5000030A8B4244D3030B8B4228D3030C8B42D3
:102A60000DD3FF22090212BA030C8B4202D31212B9
:102A7000090265D0030B8B4219D300E0090AC30B8E
:102A80008B4201D3CB03C01A5241830B8B4201D33B
:102A90008B03C01A5241430B8B4201D34B03C01A24
:102AA0005241030B8B4201D30B03C01A5241C30A9C
:102AB0008B4201D3CB02C01A5241830A8B4201D30D
:102AC0008B02C01A5241430A8B4201D34B02C01AF7
:102AD0005241030A8B4201D30B02C01A5241CDD29C
:102AE000C3098B4201D3CB01C01A524183098B42E7
:102AF00001D38B01C01A524143098B4201D34B01D0
:102B0000C01A524103098B4201D30B01C01A524132
:102B1000C3088B4201D3CB00C01A524183088B42B9
:102B200001D38B00C01A524143088B4201D34B00A2
:102B3000C01A5241411A00D2014652411046704714
:102B40005DE0CA0F00D04942031000D34042534019
:102B500000229C4603098B422DD3030A8B4212D3D9
:102B6000FC22890112BA030A8B420CD3890192110B
:102B70008B4208D3890192118B4204D389013AD048
:102B8000921100E08909C3098B4201D3CB01C01A1D
:102B9000524183098B4201D38B01C01A5241430930
:102BA0008B4201D34B01C01A524103098B4201D31E
:102BB0000B01C01A5241C3088B4201D3CB00C01A8B
:102BC000524183088B4201D38B00C01A5241D9D2A3
:102BD00043088B4201D34B00C01A5241411A00D224
:102BE0000146634652415B10104601D34042002B20
:102BF00000D54942704763465B1000D3404201B59F
:102C0000002000F005F802BD0029F8D016E7704753
:102C10007047C046D0400B00D1409C46203AD3407C
:102C20001843524263469340184370479140030053
:102C300090409C46203A9340194352426346D34009
:102C4000194370471C2101231B04984201D3000C37
:102C500010391B0A984201D3000A08391B0998420F
:102C600001D30009043902A2105C40187047C04625
:102C70000403020201010101000000000000000045
:102C80000023C25C0133002AFBD1581E70470000AC
:102C90000448054B10B5834203D0044B002B00D0F1
:102CA000984710BD7401002074010020000000004E
:102CB00006480749091A8B10C90FC91810B54910E1
:102CC00003D0044B002B00D0984710BD74010020A6
:102CD000740100200000000010B5074C2378002B81
:102CE00009D1FFF7D5FF054B002B02D0044800E0C7
:102CF00000BF0123237010BD40120020000000001F
:102D000018770108054B10B5002B03D0044905487E
:102D100000E000BFFFF7CCFF10BDC0460000000080
:102D2000441200201877010807B501210B4B0C480D
:102D30001A6C0A431A641A6C0A4080210192019AA3
:102D4000DA6B49050A43DA63DB6B0B400093009BA7
:102D500000F03EF909F02EFBFEE7C04600100240ED
:102D6000006CDC027047FEE770477047014B024A77
:102D70009A60704700ED00E0002800080D48854685
:102D8000FFF7F4FF0C480D490D4A002302E0D45828
:102D9000C4500433C4188C42F9D30A4A0A4C0023A5
:102DA00001E013600432A242FBD314F035FCFFF7BC
:102DB000BBFFFEE70040002000000020740100205F
:102DC000589B01084012002000350020FEE700005B
:102DD000054B064A9B681B051B0F9B009B581F2237
:102DE0001340D8407047C04600100240DC7701080D
:102DF000054B064A9B685B045B0F9B009B581F2298
:102E00001340D8407047C04600100240BC7701080C
:102E10000A4AD368DB439B070BD0536808491B045D
:102E20005B0F9B0058580C23D2681A4203D1400014
:102E300070470448F7E703235843F9E700100240BE
:102E40009C77010800366E013821104A10B593684E
:102E50000B40102B15D00DD8082B15D00720536828
:102E600012685B0B03400A499B00D20A0240585883
:102E7000D04008E00821183B8B43EFD180200002AE
:102E800001E0FFF7C5FF10BD0248FCE7001002405B
:102E90009C77010800366E0110B50400FFF7D4FFDF
:102EA0002060FFF795FF6060FFF7A2FFA06010BDF4
:102EB000104B10B5CB5CD468C018936801682343ED
:102EC000146923435469234394692343D4692343F6
:102ED000546A2343084C21400B4303605368C3608A
:102EE0001368126A836043681B0C1B04134343601E
:102EF000002010BD1B7801080F80FFFF0023036036
:102F000043608360C360036143618361C3610362A3
:102F100043627047F7B500254B680A6800935F1E4F
:102F20001300EB4009D1012F05D84368C9689343CA
:102F30004A43134343600020FEBD01241300AC400C
:102F4000234022422BD01A0003265A435643B4464C
:102F5000F643019666460468B443009E56433443E4
:102F60000460012F06D88C6887685443019E37405F
:102F70003C4384600C69C7685443019E37403C431E
:102F8000C460009C022C0AD14C69FF2B09D80F2683
:102F9000524356436243036AB3431A430262013504
:102FA000BAE70F261B0A5B435B435E435C43426AFE
:102FB000B24322434262F2E7044B036003234360BF
:102FC00000238360C360036143617047FFFF00001B
:102FD000014B18607047C0460000002003680200E3
:102FE00070B501205B0620D44E680B6848693343F6
:102FF0008E6815683343CE680C6A33430E693343D9
:103000008E6903433343CE69000C33430B4E234395
:1030100035402B43042513605368AB43184380238A
:1030200050609B019C4205D00020D36904490B40AD
:10303000D36170BD4B6A9BB21361F5E74000FFFF9F
:10304000FFF7FFFF0023036043608360C3600361F9
:1030500043618361C36103620733436270470000C9
:103060007FB5C36804000D009B0402D5012004B0A5
:1030700070BD4B68C968C2680B4329690B432D4971
:103080000A401343C36043692B4A1340AA691343A0
:1030900043610369294A1340AA68134303614369E2
:1030A000274A13406A691343436101A8FFF7F4FEFE
:1030B000039B002BDAD029680029D7D01920584368
:1030C0008023AA691B019A421DD14900FFF72CFCFD
:1030D00064210600FFF7AEFCC80032306421FFF720
:1030E00023FC642185B23000FFF71EFC072300019A
:1030F0002B40C018F8236D005B001D40401980B2C2
:10310000A0600020B3E78900FFF70EFC64210600F1
:10311000FFF790FC080132306421FFF705FC6421C1
:1031200005003000FFF700FC00012D18ADB2A560CE
:10313000E7E7C046F3E9FFFFFFF7FFFFFFCFFFFF21
:10314000FFFCFFFF96239B010C220360002302611A
:1031500043608360C36043618361704773B520241B
:103160000125244BFA21DA6B234E2243DA63DA6B12
:10317000490222400192019A9A6B2A439A639A6B00
:103180002A400092009ADA6A2243DA62DA6AA2439B
:10319000DA620023B362194B1868FFF7C5FB80237E
:1031A0000138F06232681648134333608023F268B6
:1031B0005B0013430222F360336893433360114B87
:1031C0001A68AA431A60C1680F4A11409C229203F0
:1031D0000A43C26019680D4A11400D4A0A431A6039
:1031E0000C4ADA600C4A9A605A68120C12041443B2
:1031F0005C6073BD0010024000140040000000201D
:103200000000014080000240FFFFC0FF0F80FFFF71
:10321000B02A00006812002018140050014B1878E2
:103220007047C04663120020334870B50378002B06
:1032300020D0324B324A0021595E13885B181BB2F2
:103240001380002917DD2F490024095F994219DDF9
:103250001478002C1CD101202B4A1368834313607F
:103260002A4A13688343136001F08CFE8022284BA6
:1032700052009A6270BD0029EAD022490024095FF9
:103280009942E5DB1F4B1B88138000230370DFE7A7
:103290006401FF212000FFF747FBFF2300225B01B1
:1032A0009C421BD011001B4E1B4D0B0082424B4118
:1032B0005B42334001339400FF3301322B51202A0B
:1032C000F3D10123104A11681942D3D10F48016884
:1032D0001943016011680B431360CBE701210A4ACF
:1032E00013688B431360094A13688B431360802271
:1032F000074B52009A61BDE7641200205C12002067
:10330000601200205E120020001400408000024085
:103310000014005000FFFF006812002010B5054B9C
:103320001B78002B00D110BDFFF77EFF0A2001F0B3
:10333000F1FDF4E7641200200E4B1A7882420DD0A2
:1033400018700D4B0D4A1B5C0D4913800D4A1288F5
:103350009B1A9AB21BB2002B01D10B707047181147
:10336000002B03DD53421B115B4218B2064B188041
:103370000123F2E762120020237801085E12002088
:1033800064120020601200205C12002010B5054B72
:103390001878FFF7D1FF0022034B1A80034B1A70F5
:1033A00010BDC046251B00206612002063120020BD
:1033B00070B5144A144B1278144D1A70EE7E144CEA
:1033C000002E06D1FFF7E2FF2378002B00D02670F5
:1033D00070BD01220F4B1A702B00CA331878FFF70B
:1033E000ABFF2378002B03D0FFF798FF0023237057
:1033F000E97E0023084A3D2902D00A234B430133CA
:103400001380E5E7621200202D1900205C1A0020CD
:10341000390000206312002066120020F8B58023D6
:10342000040008260127114D5B00AB6263B2002B3C
:1034300017DB80239B00AB62380001F0A3FD8023E3
:103440005B003800AB6101F09DFD80235B0038001C
:103450006400AB62013E01F095FDE4B2002EE5D1BF
:10346000F8BD80239B00AB61E6E7C0460004005036
:10347000F8B580228023714F714D9B005200BB61D3
:103480000600AA62C046C046C046C046C046C04606
:10349000C046C046C046C046C046C046C046C046FC
:1034A000C046C046C046C046C046C046C046C046EC
:1034B000C046C046C046C046C046C046C046C046DC
:1034C000C046C046C046C046C046C046C046C046CC
:1034D000C046C0468020BB623043FFF79FFF2B6889
:1034E00058490B402B60C046C046C046C046C04647
:1034F000C046C046C046C046C046C046C046C0469C
:10350000C046C046C046C046C046C046C046C0468B
:10351000C046C046C046C046C046C046C046C0467B
:10352000C046C046C046C046C046C046C046C0466B
:10353000C046C046C0461022002401202B6964000A
:103540005B0A0340A4B21C4380235B00AB61C0460E
:10355000C046C046C046C046C046C046C046C0463B
:10356000C046C046C046C046C046C046C046C0462B
:10357000C046C046C046C046C046C046C046C0461B
:10358000C046C046C046C046C046C046C046C0460B
:10359000C046C046C046C046C046C046C046AB62F4
:1035A000C046C046C046C046C046C046C046C046EB
:1035B000C046C046C046C046C046C046C046C046DB
:1035C000C046C046C046C046C046C046C046C046CB
:1035D000C046C046C046C046C046C046C046C046BB
:1035E000C046C046C046C046C046C046C046C046AB
:1035F000013A002A00D0A1E780232A68DB020A40B2
:1036000013432B6080239B00BB61012001F0BAFCB7
:103610008022802352009B00AA61AB610A4B302EAE
:1036200008D00A4B472E05D0094B4A2E02D07E2ED9
:1036300001D1084B1C802000F8BDC046001400508A
:1036400000040050FFFFF3FF0A00002008000020E4
:103650000600002004000020F7B5744B0C00302851
:1036600002D0472806D1724B1A88A24200D1D9E075
:103670001C8005E06F4B4A28F6D06F4B7E28F3D0B4
:10368000802680236D4F6E4DB6005B00BE61AB623D
:10369000C046C046C046C046C046C046C046C046FA
:1036A000C046C046C046C046C046C046C046C046EA
:1036B000C046C046C046C046C046C046C046C046DA
:1036C000C046C046C046C046C046C046C046C046CA
:1036D000C046C046C046C046C046C046C046C046BA
:1036E000BE62FFF79BFEC046C046C046C046C0460D
:1036F000C046C046C046C046C046C046C046C0469A
:10370000C046C046C046C046C046C046C046C04689
:10371000C046C046C046C046C046C046C046C04679
:10372000C046C046C046C046C046C046C046C04669
:10373000C046C046C04680235B00AB62F03B0193AD
:1037400023B2002B00DA6EE0AE62012001F01AFC19
:1037500080235B000120AB6101F014FC80235B003F
:10376000AB62012001F00EFC019B6400013BA4B29E
:103770000193002BE4D1C046C046C046C046C046B7
:10378000C046C046C046C046C046C046C046C04609
:10379000C046C046C046C046C046C046C046C046F9
:1037A000C046C046C046C046C046C046C046C046E9
:1037B000C046C046C046C046C046C046C046C046D9
:1037C000C046C046C04680239B00BB61C046C04681
:1037D000C046C046C046C046C046C046C046C046B9
:1037E000C046C046C046C046C046C046C046C046A9
:1037F000C046C046C046C046C046C046C046C04699
:10380000C046C046C046C046C046C046C046C04688
:10381000C046C046C046C046C046C0468022520090
:10382000AA61AB61F7BDAE618FE7C0460A00002018
:1038300008000020060000200400002000140050B2
:1038400000040050802280214D4B920010B59A61F7
:103850004C4B4900996180399A6100200902FFF7B9
:10386000FBFE00210800FFF7F7FE37204649FFF76F
:10387000F3FE22213620FFF7EFFEC621102089003B
:10388000FFF7EAFE11204149FFF7E6FE122040490A
:10389000FFF7E2FE13203F49FFF7DEFE84211420EC
:1038A0008900FFF7D9FE49203B49FFF7D5FE7B2071
:1038B0003A49FFF7D1FE7D203949FFF7CDFE482078
:1038C0003849FFF7C9FE40203749FFF7C5FEF82108
:1038D0001C20C900FFF7C0FE1D203449FFF7BCFEC5
:1038E0001E203349FFF7B8FE1F203249FFF7B4FE10
:1038F0003E203149FFF7B0FE73203049FFF7ACFEA0
:1039000077202F49FFF7A8FE19202E49FFF7A4FEC4
:10391000B42128200901FFF79FFEAA2129200902CE
:10392000FFF79AFECC212A20C901FFF795FE2C2033
:103930002549FFF791FE2F202449FFF78DFE5320E4
:103940002349FFF789FE7E202249FFF785FE4620A6
:103950002149FFF781FE4A202049FFF77DFE07201D
:103960001F49FFF779FE90211E4B1F4A33200902A1
:103970001A80FFF771FE00213F20FFF76DFE10BD9A
:1039800000140050000400501F9D00003A03000086
:10399000DB030000DF030000B22A0000DC7300003C
:1039A00020E90000A83300001635000055E50000AE
:1039B000584C00005AC60000C69400009146000012
:1039C000EF880000411000002218000090980000CD
:1039D000282000003E3000000A6000003054000043
:1039E000CE610000EA1200200090FFFF0B4B0100A7
:1039F0001B8810B5DA4392B2D20B82420CD0012060
:103A00004840C0211B05C0031B0D18438901014319
:103A100089B27E20FFF720FE10BDC04604000020C2
:103A2000C62110B510208900FFF716FE11200C49A1
:103A3000FFF712FE12200B49FFF70EFE13200A4972
:103A4000FFF70AFE842114208900FFF705FE4920B4
:103A50000649FFF701FE7B200549FFF7FDFD10BD7C
:103A60003A030000DB030000DF030000B22A00007D
:103A7000DC73000010B5094C2388002908D04022CF
:103A8000C240134399B233202180FFF7E5FD10BDFA
:103A90004121494201411940F5E7C046EA120020A0
:103AA00010B5040051200A49FFF7D6FD0720094947
:103AB000FFF7D2FD21050820090DFFF7CDFD80237A
:103AC00021021B02090D08201943FFF7C5FD10BD97
:103AD00033A00000D70A00000C4B10B5C1184B1ED4
:103AE0009941040049420A4B890A8902C9185120A8
:103AF000FFF7B2FD0748084B60430849C018FEF7BE
:103B000013FF81B20720FFF7A7FD10BDBFF5FFFF30
:103B1000409400009826030050C30000A0860100D6
:103B2000074B0100400810B5C018FEF7FDFE8021CC
:103B30008901014389B20720FFF78EFD10BDC04601
:103B4000D6DF03005C2110B5032802D8034B4000E8
:103B5000C15A4320FFF780FD10BDC0469284010882
:103B6000064A222310B5914200D81A3B8021000258
:103B7000184301433620FFF76FFD10BDFF3EAB0138
:103B800010B5040081B23820FFF766FD3920210C02
:103B9000FFF762FD10BD000010B5034900020143AC
:103BA0004720FFF759FD10BD42600000F0B5CCB2D0
:103BB00085B020001E000D0A0291FFF759FC01AFED
:103BC000FB88EDB2AB400100AE4099433143200089
:103BD00089B2FFF741FD05B0F0BD000010B53720F8
:103BE0000549FFF739FD00213020FFF735FD302072
:103BF0000249FFF731FD10BD1F9F0000F1BF00001B
:103C0000F7B51C0008AB1E78009009AB019170203D
:103C1000002115001F78FFF71FFDA0210902314385
:103C20004D20FFF719FDDE21C90139434E20FFF772
:103C300013FD210229434F20FFF70EFD009B782042
:103C40001902019B1943FFF707FD0020FFF7A4FFAE
:103C5000FFF7C4FFF7BD00000A4B012110B59842E1
:103C600002D90021013007D10420FFF703FF002112
:103C70000320FFF7FFFE10BD0420FFF7FBFE01212C
:103C8000F6E7C046FF3EAB0110B53120FFF7F0FB71
:103C90000223984381B23120FFF7DEFC10BD000003
:103CA00010B504003120FFF7E3FB0221014389B284
:103CB0003120FFF7D1FC8121C9006143034B712002
:103CC000C91889B2FFF7C8FC10BDC046DC68000007
:103CD00070B505003120FFF7CBFB0400002D06D1A5
:103CE00008239C43A1B23120FFF7B6FC70BDAB1E88
:103CF0005A1E9341AD21DB03890119432920FFF7A7
:103D0000ABFC0120A84280410549404280030143A9
:103D10002820FFF7A1FC0821214389B2E3E7C04630
:103D2000382B000010B550200149FFF795FC10BD5D
:103D300018BB000010B550200149FFF78DFC10BDE5
:103D4000183B0000802210B50C00084B5202434380
:103D50009B18590C7120FFF77FFCFFF7EBFF200049
:103D600001F0D8F8FFF7DEFF10BDC0461DA6140015
:103D700010B500213020FFF76FFCE8213720490102
:103D8000FFF76AFC10BD10B50020FFF705FF7E208D
:103D9000FFF76EFB382328219843014389B27E2028
:103DA000FFF75AFC10BD000010B500213620FFF7C8
:103DB00053FC37200749FFF74FFC52200649FFF715
:103DC0004BFC00213020FFF747FC30200349FFF770
:103DD00043FC10BD1F9D00008F020000FEC10000CB
:103DE00010B5FFF7D0FFFFF7A5FFFFF7DDFF10BD10
:103DF00010B500215120FFF72FFC10BD054B10B569
:103E00001B78002B05D001210020FFF733FEFFF7C0
:103E1000E5FE10BDE812002010B530200149FFF783
:103E20001BFC10BDFAC30000F8B51D0007000E0012
:103E30001400FFF777FF281E05D0A023802203205F
:103E4000DB0552009A61FFF7A7FEFE232102DB018A
:103E500019400133FF3319437020FFF7FDFBFFF7D3
:103E6000DBFF322001F056F880231249BFB27943BC
:103E70005B02C9187120490CFFF7EEFBFFF75AFFF0
:103E8000300001F047F8FFF74DFF002D07D0A023C9
:103E90008022DB05520000209A62FFF77DFE0021A0
:103EA0007020FFF7D9FB30200349FFF7D5FBFFF760
:103EB00041FFF8BD1DA61400FEC1000010B5032887
:103EC00007D8064940030143522089B2FFF7C4FBDB
:103ED00010BD0428FCD102490330F7E78F0200002F
:103EE0006F04000010B50020FFF7E8FF51200249E1
:103EF000FFF7B2FB10BDC0464080000010B50720A0
:103F00000349FFF7A9FB51200249FFF7A5FB10BDAC
:103F10006F0400004090000010B56720FFF7A8FA7A
:103F2000C005C00D10BD10B5FFF7F6FF4008A03862
:103F300000B210BD10B56420FFF79AFA10BD000062
:103F400010B5064B064A1B7811781B011943B023A4
:103F50001B0248201943FFF77FFB10BD961A002073
:103F6000981A002070B506000D20FFF781FA03B201
:103F7000DD430400ED0F002B07DB0E20FFF778FA7E
:103F8000034B24041C4004433460280070BDC04629
:103F90000000FF0770B5060069200D00FFF768FA02
:103FA000040003040BD46A20FFF762FA0C4B2403CD
:103FB0000005000D1C4004430220346070BD6820E1
:103FC000FFF756FA030000201A04F7D40548DB0473
:103FD000DB0C58430449FEF731FD28800120EDE752
:103FE00000F0FF00EB1200001027000010B50C20BD
:103FF000FFF73EFA800BC0B210BD10B50C20FFF7E2
:1040000037FA0005800F10BDC82010B5A021400070
:10401000FFF798FEC82064218000FFF793FEC820B8
:104020005A21C000FFF78EFE10BD0000802210B59F
:104030000C000A4B80B2434352029B18590C71206A
:10404000FFF70AFBFFF776FE200000F063FFFFF7A3
:1040500069FE322000F05EFF10BDC0461DA61400B0
:1040600070B59626C825040076006D002378002BD5
:1040700003D1642000F04EFF70BD64212E2B02D0CE
:104080002D2B03D131002800FFF7D0FF0134EDE7DD
:1040900010B5054C2000FFF7E3FF0448FFF7E0FFF1
:1040A0002000FFF7DDFF10BD707C01082E780108AD
:1040B00070B50400FFF736FE0020FFF76DFDC2214A
:1040C00070200902FFF7C8FAFFF7A6FE322000F0C1
:1040D00021FF601E08285AD8FEF710FC09003B009B
:1040E000620082008D009A00B30001010401A52046
:1040F00064218000FFF726FEA52064218000FFF7E1
:1041000021FE64210020FFF71DFEA5206421800010
:10411000FFF718FE64210020FFF714FE64217348A6
:10412000FFF710FEA52064218000FFF70BFE64213D
:104130000020FFF707FEC42064218000FFF702FE85
:10414000962100204900FFF7FDFD6421C4204000B6
:1041500043E0FA24FA25E4006D0020000521323CFA
:10416000FFF7F0FDAC42F8D1FA24FA25E4006D0027
:1041700020000521323CFFF7E5FDAC42F8D12000DC
:104180000721FFF7DFFD5A4B32349C42F7D1002163
:104190007020FFF761FA30205649FFF75DFA70BDD5
:1041A00032215548FFF7CEFD32215448FFF7CAFDB2
:1041B000C4204621C000FFF7C5FD1E210020FFF7E7
:1041C000C1FDDC202821C000FFF7BCFDC420282150
:1041D000C000FFF7B7FD64214848FFF7B3FDD6E7FD
:1041E00032214748FFF7AEFD50214548FFF7AAFDB1
:1041F00050214448F1E7F02096218000FFF7A2FD0E
:1042000096214148FFF79EFDF02096218000E4E7CB
:10421000D1213E48FFF796FDAF20D2214000FFF7A5
:1042200091FDCF213948FFF78DFDAF20D22140000D
:10423000FFF788FDCF213548FFF784FDD221AF205D
:1042400085E7E1200A21C000FFF77CFDAF200A21AD
:104250008000FFF777FD0A212D48FFF773FDC82086
:104260000A214000FFF76EFD0A212A48FFF76AFD88
:1042700096200A21C000FFF765FDC8200A21C00072
:10428000FFF760FDAF200A218000FFF75BFD0A21E8
:104290000020FFF757FDAF200A218000FFF752FDF5
:1042A00096200A21C000FFF74DFDC82014214000D0
:1042B000FFF748FDFA200A214000FFF743FD642183
:1042C0000020FFF73FFDFA200A21C000FFF73AFD6A
:1042D0000A210F48FFF736FD0A210F487DE7FFF757
:1042E00093FE54E7FFF7D4FE51E7C0460B020000EF
:1042F000F6090000FEC100001604000026050000BB
:10430000040600001E0500007B020000EE02000013
:104310004C04000014050000540B0000912310B55C
:104320009B00C1183220FFF797F910BD0222064BFF
:1043300099681142FCD00122187399681142FCD08F
:10434000D868C0B27047C0460038004010B50400BD
:10435000000CC0B2FFF7EAFF200AC0B2FFF7E6FF89
:10436000E0B2FFF7E3FF10BD70B5A0250826094CA9
:10437000ED050520AE62FFF7D9FFFF20FFF7D6FF5E
:10438000AE61C00705D50A20013C00F0FBFD002C02
:10439000EFD170BD40420F0070B5A0240825060083
:1043A000E405A5620620FFF7C1FFA561FFF7DCFF6A
:1043B000A5622020FFF7BAFF3000FFF7C7FFA56115
:1043C000FFF7D2FF70BD0000A023F7B5150008224B
:1043D0000600DB059A6203200C00FFF7A7FF300000
:1043E000FFF7B4FFC0233149DB008A681000184092
:1043F00001901A420AD10F2D0AD86519AC4250D04B
:10440000FF20FFF793FF20700134F7E7CA68ECE75D
:104410004022012080270B687F0193430B60244BCF
:104420001A6882431A60234A166886431660224E31
:1044300077601F68214E3740B446842676013E439C
:104440001E606646176837401D4E3E4316601D4E7F
:10445000DC609E605C68240C24042C435C601A4C75
:10446000D46096605468240C24042C435460174D87
:10447000019C2C7002241E6826431E601E680643A1
:104480001E6013680343136040224B681843486062
:104490000B6813430B604B681C434C602B78002B5C
:1044A000FCD0A0230822DB059A61F7BD003800404C
:1044B0004400024058000240000002400F80FFFF0D
:1044C000101000000C380040F4120020F012002000
:1044D000F0B585B06B46039002921A7B8023A0252D
:1044E0005B0001919B1AED05029C9C4200D91C00C7
:1044F00008231E00AB620620FFF718FFAE61022002
:10450000AE62FFF713FF0398FFF720FF019E3719F4
:104510000F2C5CD940220120802730497F010B6895
:1045200093430B602E4B1A6882431A602D4A16681B
:10453000864316602C4E77601F682C4E37401F60F4
:104540001768374090263E431660294F294EDE609B
:104550009F605E68360C360426435E60019ED6601E
:1045600097605668360C360426435660224EB44691
:10457000002667463E701F68023637431F601F687B
:1045800007431F6013680343136040224B681843BE
:1045900048600B6813430B604B681E434E606346D4
:1045A0001B78002BFBD00823AB61FFF7DDFE039BDC
:1045B0001B190393019B1B190193029B1B1B029365
:1045C0008023029A5B00002A8ED105B0F0BD3078BE
:1045D0000136FFF7ABFEBE42F9D1E4E700380040F8
:1045E0004400024058000240000002400F80FFFFDC
:1045F0000C380040F4120020F0120020014B18602B
:104600007047C046EC120020F0B5A0270826802194
:104610000124344BFF058FB0BE61DA6BC9010A4338
:10462000DA63DA6B04A80A400392039A9A6B0025B6
:1046300022439A639A6B22400292029A5A6B224357
:104640005A635B6B23400193019BFEF7B5FC022389
:1046500004A9059338001B19069309960795089439
:104660000494FEF757FC092304A93800023E04967F
:104670000993FEF74FFC1C4B1C4A9968802011409F
:10468000A022D2040A433F219A60DA68C0058A4317
:10469000C2211643164ADE60890053581B021B0ACA
:1046A0000343535080231B01136004A8FEF7CAFC88
:1046B00082235B000593033B0894FF3B0D4C07935B
:1046C000FF33FF33200004A9099304950A950B9545
:1046D0000C95FEF783FC40232268134323600FB040
:1046E000F0BDC0460010024000000140FFFFFFC0C7
:1046F00000E100E000380040802310B55B029842E2
:1047000002D2034B1B68C018FFF75EFE10BDC04607
:10471000EC120020F0B587B00593802304000191CE
:1047200002925B02984202D23A4B1B68C4182305DE
:104730001B0D03938023039A270B5B013F039E1AF3
:10474000029B002B03D1FFF70FFE07B0F0BDFFF770
:104750000BFE029DB54200D935002F4E3368BB4297
:1047600006D0802238002D495201FFF72DFE376018
:104770002A4E039B2A009E193100019812F0BDFFBA
:1047800000282CD00023019AD15CF25C0A409142AF
:1047900033D101339D42F6D100232A003000019924
:1047A000049312F08DFF049B002B2FD03800FFF7ED
:1047B000F3FDFFF7D9FD194B0493059B002B1ED089
:1047C000039B38005E1932000499FFF781FE8022B6
:1047D000049B5201FF21921B981912F053FF019B79
:1047E00064195B190193029B5B1B029380235B019D
:1047F0001E00FF1800230393A2E70123CDE78022C8
:10480000380004995201FFF763FEE8E72A00200010
:104810000199F8E7EC1200200C000020240200208F
:10482000802310B55B02984202D2094B1B68C01866
:10483000000B04032000FFF7AFFD064B1B68A342EB
:1048400005D18022FF210448520112F01BFF10BD48
:10485000EC1200200C000020240200208022024BD9
:1048600052041A607047C0460C00002080201C498A
:1048700080010B6810B5034230D00224194B1A682E
:1048800022422BD01A68A2431A6048600A2000F026
:1048900079FBC021144A154B49019868084202D09F
:1048A000013A002AF9D180210F4A9868084202D0C3
:1048B000013A002AF9D1C0210B4AC9009868084280
:1048C00002D0013A002AF9D102215A688A435A607B
:1048D0005A6801398A435A60054B197010BDC046A9
:1048E0000000024044000240112700000038004050
:1048F000F012002070B540262025094C0120A66149
:1049000000F040FBA561012000F03CFBA662012005
:1049100000F038FBA562012000F034FB70BDC046FA
:104920000014005070B540252026094C0120A562D6
:1049300000F028FBA662012000F024FBA661012004
:1049400000F020FBA561012000F01CFB70BDC046FB
:1049500000140050F7B5234C234A236801901340FC
:104960002360082300252027012600933000A7623A
:1049700000F008FB3000A76100F004FB300000F0FD
:1049800001FB23696D00EDB25B0600D535433000B5
:10499000A76200F0F7FA009B013BDBB20093002B0B
:1049A000E4D12268104B01201A4080235B0113439D
:1049B0002360A76200F0E6FA019A4023002A0ED095
:1049C000A3612026012000F0DDFAA661012000F09D
:1049D000D9FAA662012000F0D5FA2800FEBDA36234
:1049E000EFE7C04600140050FFCFFFFFF8B52023CB
:1049F000264C0500A362012000F0C4FA08266BB221
:104A0000002B3EDB4023A3622027012000F0BAFAEE
:104A1000013E0120A76100F0B5FA6D000120A762F8
:104A2000F6B200F0AFFAEDB2002EE8D140252368CF
:104A3000174E012033402360A56100F0A3FAA7615F
:104A4000012000F09FFADF3723691A002A402B4229
:104A50001AD0013F0120FFB200F094FA002FF3D1E9
:104A600001256D422023A362012000F08BFA8023F0
:104A700022685B0132401343236040232800A36176
:104A8000F8BD4023A361BFE71500EBE70014005019
:104A9000FFCFFFFF70B504000D0000266A1EB24272
:104AA0000EDC2B00591E8B415B4213400120E418A1
:104AB00000F068FA0120FFF74DFF2070280070BD5C
:104AC000012000F05FFA0020FFF744FFA0550136F7
:104AD000E4E770B504004518AC4201D1002070BD78
:104AE0002078FFF783FF01340028F5DA01204042E7
:104AF000F5E700007823F7B50024204DAB610026D0
:104B00000823370001930A2000F03CFA3A00F0270E
:104B10002B693F021F40974212D1012E18D0012667
:104B2000019B013B0193002BEDD10134052C0DD0ED
:104B300078230122AB61713B1B1B9A40AA62DEE71E
:104B40000026EDE7320010E002220EE0132012E012
:104B500080211A0009020A400B4206D05A04F1D5FE
:104B60009A04F1D50322DB04DFD4054BA1005B18C6
:104B7000985C1328D9D07823AB61FEBD00040050A7
:104B80009A84010810B5FFF7B5FF132804D1034B31
:104B90001B695B0500D4033810BDC04600040050FB
:104BA0000022034B1A70034B01321A707047C04643
:104BB000F8120020601900200222054B996811426A
:104BC000FCD00122187399681142FCD0DB68704751
:104BD0000030014070B51D0004AB00241C5F431A77
:104BE000601B5843511AFDF729FF401900B270BDF0
:104BF00070B5124CC001241825000C203635260053
:104C000028701225373635704236357025007A35D2
:104C10002870581A8001511AFDF710FF21253823FA
:104C20002D263830C0B2DAB22900904200D33100CC
:104C3000E1540133792BF6D170BDC046FC1200203F
:104C40007047A02340225039DB0510B59A6204005A
:104C5000C8B2FFF7B1FF102023091843FFF7ACFFDC
:104C60000F202040FFF7A8FF10BDF8B51400043056
:104C7000C0B21D00FFF7E5FFA02340222600DB05A0
:104C80009A612F19BE4200D1F8BDE8B2002C00D0C5
:104C90003078FFF791FF0136F4E7000070B5042586
:104CA000034CC9B2A562C0B2FFF7DFFFA56170BDBA
:104CB00000040050F7B50423A02700240C4E0190F7
:104CC000FF05B36221000420FFF7BBFF40238025CE
:104CD000BB61013D0198EDB2FFF76EFF002DF8D1E9
:104CE0000134E4B2082CEDD10423B361F7BDC04612
:104CF00000040050A023402210B5DB059A62FFF7A4
:104D00005BFF10BDF8B50423124E0400B3624020CF
:104D1000FFF7F0FF104A002C07D0104B01251F00B1
:104D2000072C0AD8621ED201D2188023210000204D
:104D3000FFF79BFF0423B361F8BD290001353A005A
:104D400080230020EDB2FFF790FF8037082DF4D1CB
:104D5000F0E7C046000400507C160020FC12002042
:104D600010B50820FFF7CEFF10BD10B50130C0B25E
:104D7000FFF7C8FF10BD10B50020FFF7C3FF10BD3F
:104D800010B5032804D0072809D0074B185C03E0AE
:104D9000064B1878A6231843FFF7ACFF10BD044B51
:104DA00018781530C0B2F7E7AE840108441A002025
:104DB0004A000020042370B50024064DAB62200099
:104DC0000134E4B2FFF7DCFF0B2CF8D10423AB6114
:104DD00070BDC046000400500422074B10B5E2200D
:104DE0009A62FFF787FF002420000134E4B2FFF746
:104DF000C7FF082CF8D110BD00040050802170B509
:104E00000125414B49011A6C8CB00A431A641A6C93
:104E100002A80A400192019A5A6B00242A435A635D
:104E20005B6B02262B400093009BFEF7C5F8032323
:104E3000A020049302A91D33C00502930695039692
:104E400007940594FEF766F8A020802302A9C00508
:104E500002930694FEF75EF802A8FEF7F3F88223A9
:104E60005B0003930695FC33284D0793F93BFF3B0A
:104E700002A92800089302940494059609940A94C0
:104E8000FEF7ACF840232A68AE2013432B600423BE
:104E90001F4DAB62FFF72EFFE220FFF72BFF7820BC
:104EA00000F038F820000134E4B2FFF769FF082C65
:104EB000F8D12B20FFF71EFF012000F02BF82E2049
:104EC000FFF718FF012000F025F82F20FFF712FF51
:104ED0002F20FFF70FFF2F20FFF70CFF2F20FFF7EA
:104EE00009FF2820043C00F015F84020FFF702FFDE
:104EF0000020AC61FFF7DEFEAF20AC62FFF7FAFEE8
:104F0000AC610CB070BDC0460010024000300140E2
:104F100000040050FA2310B59B00584300F032F80B
:104F200010BD0000124B70B51D6864212800FDF70C
:104F3000FBFC802301380F4C5B0498420CD2C0214B
:104F40000D4A09065060236A1B021B0A0B432362A9
:104F5000002393600733136028000849FDF7E4FC41
:104F6000074E3060236A1B021B0A236270BDC046D5
:104F70000000002000ED00E010E000E040420F00E3
:104F8000FC1600200B4B70B51B680B4C58430023DC
:104F90006568A268834200D370BDA1688A4203D9C4
:104FA0009B185B1A0A00F5E78A42FBD26E1AF318C7
:104FB000D318F7E7FC16002010E000E00123024AB6
:104FC00011784B40137070473B1A002070B50C4BA2
:104FD0001B6831331C78012C0AD10321094D287834
:104FE0000130FDF711FE2970200004F087F970BD33
:104FF000002CF9D1044D052128780130F1E7C04695
:10500000501A0020490000203E1A0020064A10B520
:105010001378002B03D00549054B0978D976002376
:105020001370FEF7C5F910BD2F1900202E190020AE
:105030005C1A002070B5104B1D78022D08D003F0CB
:10504000D9FF012004F072F8022000F0F9F970BDD8
:1050500000220A4B01201A7004F068F8084B094C32
:105060001B78002B03D008F0CFFD2570EFE7064B2F
:105070001B782370EBE7C04608170020381A002081
:10508000A921002080000020E91B002010B50C4C55
:105090002268110028310B780133DBB2022B00D9D2
:1050A00000230B70074BD08BD979022305F008F948
:1050B000206803F07DFD044A044B12781A7010BD7D
:1050C000541A00205C1A0020E91B002080000020F8
:1050D0000122064B1A80064B1A68313213780133CD
:1050E000DBB2032B00D10023137070474C19002052
:1050F000541A002070B506000D001400FFF750FD93
:10510000112E20D0122E05D00A2E23D000239C422F
:1051100005D115E0124B002C10D033331B78002D35
:1051200010D0104A1278002A03D0022B0AD0052B87
:1051300008D00D4A9B009B58984703E032331B78F8
:10514000002DEED070BD064B002C01D03533E5E7C5
:105150003433F4E7054B002CE0D12300F0E7C046E0
:105160005C1A0020A921002014000020241B00202C
:1051700070B5104B1B78013B012B0DD900240E4B51
:105180000E4D1C700E4B1B78A34206D008F008FD94
:1051900001220C4B2C701A7070BD0B4A137003F077
:1051A00029FF012003F0C2FF08F02EFD02232B701F
:1051B000F2E7C04608170020481B002080000020AE
:1051C000A921002051190020381A002070B503F0E1
:1051D0000DF80F4B041E00D10E4B1A6811002B3135
:1051E0000D7831326B426B41D8B2087011780129C9
:1051F00003D10320FEF7A6FC70BD002C06D00020D2
:10520000854203D1044B18780130C0B20021F1E788
:10521000501A0020541A00203D1A00200D4910B5E4
:105220000A780D4B002A09D1D87E0C4A10703D2215
:10523000DA7601230B70FEF7BBF810BD1900084A9F
:10524000CA3109781278914202D10022DA76F2E767
:105250003D22FBE72F1900205C1A00202E190020A8
:105260002D190020F7B5514B01931B78002B17D156
:105270004F4F3B785A1E022A19D84E494E4A087899
:10528000002803D04D480078002806D01078002868
:105290000DD04B480078002809D100230B70137003
:1052A000012003F043FF0122464B1A7013E0464AE7
:1052B00001241278454E002A03D03278002A0BD000
:1052C00000243378424D002B67D1002C65D12B7818
:1052D000002B42D12C70F7BD012B27D019D9023BEE
:1052E000012BEDD83B4B1978334B00292DD03A498F
:1052F0000978012929D11A70384D2B78002BDFD07D
:10530000FEF77BFE441E63425C41002364002B7069
:10531000D7E7334B5B7C002BD2D0304B1B78002B74
:10532000CED000222D4B02241A70CAE72D490878EE
:105330002049002801D00A70EFE70A78002AECD152
:105340000B701E4B64321A70E7E71A78002AD3D12B
:1053500001321A701A4B6332CDE7214B1B7E002BB2
:10536000B8D03B78023B012BB4D8FEF746FE0128AB
:10537000B0D11B4B1B7E002BADD0A0238022DB05C0
:1053800052009A62184BEC3A1A800023019A13706B
:1053900001223270154A13709DE700232B70012CF7
:1053A00000D17DE7022CE4D095E7C04632190020F9
:1053B0004B1A00205F1900205E19002034190020CC
:1053C0003519002037190020401900205D190020F0
:1053D00033190020441900204319002041190020EE
:1053E0005C1A00204219002068190020651900206D
:1053F0000A4B10B51B78002B03D0094B1B78002BF0
:105400000AD1084B1B78002B06D0074B1B78032BC7
:1054100002D0032002F0B8FF10BDC046A921002031
:105420009D2100204019002008170020034B10B5D3
:105430001B78002B01D1FFF7DBFF10BDE812002025
:10544000E12270B52D4B2E4D5201AE791A802D4BB5
:1054500004001B78002B09D02B4B1B78002B05D1A7
:105460002A4B1B88002B01D108F0C2F8724256412A
:105470000022274B9A55A0230132DB05FF329A61A7
:10548000244BFF3A1A70244B1B789B0701D5FDF77C
:105490008FFFAB7D002B15D0E31E012B12D8802689
:1054A0001E4DB6013220AE61FFF734FD1420AE620E
:1054B000FFF730FD3220AE61FFF72CFD1420AE6205
:1054C000FFF728FDFEF73CFD154B1B6831331878BC
:1054D00003F014FF200002F057FF022C0AD1114BF9
:1054E0001B78012B02D0002006F0B8FE01220E4BE3
:1054F0001A7070BD01220D4B1A70F7E76A1900206F
:105500005C1A0020A92100209D210020A02100205C
:105510005B19002065190020471A00200008005080
:10552000501A0020E91B00206019002037190020C4
:105530001B4B10B51878002809D11A4B1B78002B8B
:1055400004D002F021FF0122174B1A7010BD174B37
:105550001B785A425A411649D2B20978002905D01F
:10556000012B03D10020134A10700A001249097858
:10557000002912D01149097801290ED1023B012BD3
:105580000BD800220E4B1A700E4B04201B78002BF8
:1055900000D00238FFF754FFD8E7002AF4D1D5E74E
:1055A0004019002008170020371900204B1A00204E
:1055B000421900205F1900204419002043190020DF
:1055C0005E190020381A002070B51C00838B16006D
:1055D0005943026805008818190002F07DFDA042B9
:1055E00006D8B04203D2A98B601A02F075FD70BDD7
:1055F0003000FCE710B5024B024AFFF7E5FF10BD93
:105600000005EA06C05C150010B503F0F7FF0122A3
:10561000044B1A70044B1B78002B01D0034B1A70FB
:1056200010BDC0463C190020381A00205119002036
:1056300037B56B469D1C290001A8FEF7ABFC041E84
:105640000FD002280ED1019802F0C4FCFF2808D028
:105650000122154B1870154B1C70154B1C70154B07
:105660001A7037BD0128FCD1288802F0E1FCFF2820
:10567000F7D00D490D4C0B780F4A834211D1257894
:10568000012D0ED113780133DBB21370012B04D935
:105690000222074B1A70074B1D70012308702370FC
:1056A000DFE700231370F8E703170020021700203C
:1056B000011700206019002000170020094B70B569
:1056C0001B78094C094D002B03D123782A7813430A
:1056D00007D0FFF765FA002301222B702370044BDB
:1056E0001A7070BDF812002064190020481B0020B9
:1056F00037190020F0B5B44B85B006000C0015003A
:1057000002930D280BD1FDF789FD002807D1029BDC
:10571000DB7E002B03D0FDF74BFE05B0F0BDAB4B9D
:105720001B78052B02D1002002F02EFEA84B1A8810
:10573000A84B1A80029B2E331978002903D01E2211
:105740004A43A54B1A70002C00D0E1E0A34F3B78F0
:10575000002B02D004F0EAFB3C70A14F3B78002BF9
:1057600003D004F00FFC00233B709E4F3B78002BCE
:1057700003D004F0ADFB00233B709B4F3B78002B24
:105780000FD09A4B1A68029BD08BD979012304F071
:1057900097FD00233B70964B1A78002A01D1013205
:1057A0001A70944B1A7800239A4207D0924A1278C2
:1057B0009A4203D1914B1B785A425341029A904925
:1057C000D27C09781A43002900D1C9E0002A04D00C
:1057D0007E4A1278012A00D0CDE0102E00D0F1E0F0
:1057E000884B1F78002F04D02F00002C01D10127F7
:1057F0001C70854B03931B78002B05D0102E01D015
:105800000D2E01D1FFF7CCF9804B0193002F0AD167
:105810006E4B1B78012B00D035E1102E00D019E122
:10582000200000F0E1FE7A4E7A4A33780392002B92
:105830000AD0794A794B12781A8001F0B1FC012321
:10584000039A137000233370754E3378002B09D000
:10585000002D00D03AE104F095FB002301223370C3
:10586000704B1A70704B1A78002A06D000221A70FA
:10587000954200D02EE104F02BFB6C4B1A78002AE5
:1058800006D000221A70954200D027E104F04EFBAA
:10589000674E574F3388002B13D0002D00D021E1E5
:1058A000002C00D01EE1514B02991A68C979337857
:1058B000D08B04F005FD3B78002B00D129E10023BB
:1058C000338039785B4C002900D125E1002003F0BA
:1058D00065FA019B1B78FF2B02D10023019A1370FC
:1058E000012323700023544A3B70137003F082FBA2
:1058F000012003F01BFC0022504B22701A705A70DA
:105900004F4B1B78934200D10AE1FFF793FB07E16D
:1059100005F0C4FE394F102E03D14A4B1B78DB072C
:1059200015D53B78012B04D10F2804D0113801285C
:1059300001D9FDF73DFD0D2E09D1002D07D0FFF750
:10594000BDFE3F4B1B78002B01D0FFF773FB3B786C
:10595000012B00D025E7304A304B12781A8020E71F
:10596000002A00D139E7194A1278012A00D134E718
:10597000102E00D134E70D2E0BD1002C00D1CCE637
:10598000002B00D1EEE001221B4B1A702E4B1A7037
:10599000C3E60F2E0AD1002C00D1BEE6002D11D196
:1059A00004222A4B1A70284B033AF0E73300113BCC
:1059B000012B07D90A2E00D0D1E0002D02D1002CF6
:1059C000EED0AAE6224B0CE75C1A00200817002054
:1059D000C89201084000002063190020061700202B
:1059E000051700204519002004170020541A002034
:1059F000501900201117002010170020E91B00206B
:105A0000411A002054190020F812002080000020C4
:105A10004719002046190020D49201085619002089
:105A20004A19002060190020491900204E19002051
:105A30004C190020511900204F1900205B1900203B
:105A4000381A0020471A0020371900205219002068
:105A500055190020002C10D1A0238022DB05520014
:105A60009A62424B1C70029BCE331878002807D0F4
:105A70000138C0B2FEF714F9D5E6002D00D0D2E609
:105A8000FEF702F9CFE63A4B1B78FF2B07D0320026
:105A9000113A012A09D8039A1278002A0ED12A0055
:105AA00021003000FFF726FBBDE60D2E06D1002DAC
:105AB00004D1002C02D0019B1D70B4E62D4A9B003E
:105AC0009B5821002A0030009847ACE601222A4B5F
:105AD0001A70C2E60122294B1A70CEE60122284B29
:105AE0001A70D5E605F0DAFD002804D0204B1B78AB
:105AF000012B00D1D7E63288224B511E8A411A7001
:105B0000019B1B78FF2B00D0D9E60023019A13706C
:105B1000D5E601233B70D2E62378002B00D0E5E6E2
:105B2000039B1B78002B08D00023039A1370164A9E
:105B3000164B12781A8001F029FD154C2378002BA2
:105B400003D003F0E5FC00232370019B187806F0D6
:105B500085FBFF23019A137001220E4B17E7002CDF
:105B600000D1DAE5002D00D11AE7D6E5651900204D
:105B7000E91B00202C0000200517002045190020FB
:105B80000617002004170020D4920108561900209F
:105B90004819002037190020F8B5012007F06EF9E8
:105BA000002802D0012007F045FA824D2B78012B06
:105BB00000D082E0804E3378002B34D17F4B1B78AD
:105BC000002B30D17E4B1A78002A03D17B4A127801
:105BD000002A72D000221A707A4B1A887A4B002A57
:105BE00002D1DA7E3D2A03D1CA331878FDF7A4FB2F
:105BF000C8220024754B920034701A80744B1B78B5
:105C0000A34208D0734E3378012B00D0B0E00233AA
:105C10003370FFF7E1F8FFF7F7FC042003F056FCC0
:105C200006F00EFB49E06C4F6C4C3B78012B0ED913
:105C3000654B2268D97E002927D1002A01D0FA2A93
:105C400005D18023664A9B0151694B40536123680B
:105C50003A7801332360032A25D15B4AD27E002A99
:105C60001FD0604A934225D900232360FEF70CF829
:105C70000123564C1A0020881E2180B2FEF7D4F86A
:105C8000238864339BB2238014E0002A04D1CA33F2
:105C90001878FDF751FBDAE753498A42D7D1C93367
:105CA000F6E7524ADEE752498B4203D900232360CC
:105CB000012ADBD02B78012B84D04E4B1B78002B94
:105CC00055D12B78012B03D04B4A9B009B5898470A
:105CD0004A4E3378002B03D0494B1B78002B46D11A
:105CE000484F3B78002B0AD0474B1B78002B06D03F
:105CF00002F07CFA041E02D107F0B2FE3C70434C65
:105D00002378002B1CD0424B1B78002B12D1414B27
:105D10001B78002B0ED12C4B9B7E002B0AD03E4BC8
:105D20001B78002B06D13D4B1B78002B02D133781A
:105D3000002B2CD03A4B1A883A4B1A800023237040
:105D4000394E3378002B12D02B78052B0FD1374DDD
:105D5000374F2C78002C1ED0FEF750F802F052FA84
:105D6000344B1B883B8000232B7000233370F8BD1D
:105D7000022B00D04DE7220021001020FFF7BAFCD3
:105D80000122234B34701C702B4B1A7041E7052005
:105D900002F0FAFAD2E70A220B4B9B7E53433B8078
:105DA00001232B70FDF7E4FF21002000FDF762FEC8
:105DB000DBE7C046081700206C190020841900207A
:105DC00070190020661200205C1A00203C000020A0
:105DD0003B1A00202C190020451A00202819002009
:105DE0000008005010210100983A0000983401008A
:105DF000E02801005A190020BC840108A9210020D4
:105E0000A821002031190020A4210020851900209C
:105E10003A1900203B19002058190020E91B0020E6
:105E2000C89201084000002086190020E8120020D6
:105E30000A170020C69201085519002000221020E0
:105E4000110010B5FFF756FC0022064B1A70064BE6
:105E50001B78132B02D0054B01321A70FEF7BCFFE2
:105E600010BDC0463A19002010000020551900202E
:105E7000F8B5664B00201978654BC9B21B695B0504
:105E800001D448424841634B1A78634B002A50D0F2
:105E9000624C022522781600AE4300282DD1012E37
:105EA0002DD118780130C0B2187002282CD80029E2
:105EB00007D0002A05D000221A70FFF7BFFF002389
:105EC0002370FEF717FE0400132802D00022544B63
:105ED0001A70544E544D3378A3424BD0132B08D034
:105EE000132C06D0514B00211A78514B1878FFF72C
:105EF00001FC002334702B80F8BD002ED1D0002986
:105F0000CFD100221A70DCE700201870824209D13C
:105F10000121434B21701A70464B10301970FFF766
:105F2000E9FBCEE7032AC8D00029C6D1013222708E
:105F3000C7E7404C2278002A0DD00028E1D11A781A
:105F40000132D2B2022A01D80029DBD000221A7015
:105F5000FFF774FFB5E70028D3D019780131C9B233
:105F600019700229ADD92E4910200A7001211A702A
:105F70002170D4E72888304B01301B8880B22880FC
:105F8000834215D1294E2A4D132C0AD12878132883
:105F900004D000213278FFF7ADFB2C700023337062
:105FA000AAE70022012120002C70FFF7A3FBF5E7F0
:105FB000224B1E88B0429FD3132C9DD0B04209D1F2
:105FC000102C99D00121194B0A0020001970FFF7FD
:105FD00091FB91E723000B3BDBB2012B0ED801278D
:105FE000124B1F70164B1988FCF724FD89B200294B
:105FF00004D13A0039002000FFF77CFB2A88114BBE
:106000009A4200D078E701362E8075E78419002087
:10601000000400503B1A0020391900202C190020E0
:106020003019002011000020FA1200203B19002036
:10603000100000203A190020CA920108CE920108EF
:10604000CC920108FFFF0000F7B50024564B1C70EE
:1060500003F078FFFDF7E8F8544F20003B88013348
:106060009BB23B8006F00AFFA04202D0200006F05F
:10607000E1FF4F4B1B78002B4BD14E4B01931B780C
:10608000052B00D087E04C4B1B78002B00D182E021
:106090004A4B1B78002B00D07FE0494C494E2378B7
:1060A0003578002B03D00023237006F0C9F8002DAB
:1060B00001D005F091FF444D2B78002B03D0434BCA
:1060C0001B78002B25D1019B1F78012F0CD1404B51
:1060D0001878002808D00138C0B21870002803D101
:1060E00002F052F9377027702B78002B0DD0394A07
:1060F0001388002B09D0013B9BB21380002B04D1E5
:1061000007F082FD022006F0A9F8FFF791FAFFF7E9
:10611000AFFEF7BD00210220FDF79EFA0220FDF739
:10612000A7F904230604360E04001E4201D02A4BB0
:106130001D702E4205D0294B1D70FDF757FF284BCF
:106140001870B60702D50022244B1A70E6B2630617
:1061500001D5244B1D70240602D50022214B1A7054
:1061600004231E4209D0204B012105201D70FDF79C
:1061700081FCE1221D4B52011A80360705D5002112
:10618000194B05201970FDF775FC0C20FDF770F90F
:106190002842BFD17CE70125F7E73B88DB0700D524
:1061A0007BE704F08BFE78E7361900203E190020CB
:1061B0005A19002008170020E81200203A1A00207F
:1061C0003719002060190020A9210020A8210020F3
:1061D00062190020A021002041190020441900204C
:1061E0004319002042190020401900206A1900209C
:1061F000F7B50022934B1A70934A1378002B07D0FF
:10620000013BDBB21370002B02D101228F4B1A70BD
:106210008F4A1378002B1BD0013BDBB21370002B8D
:1062200016D18C4B1A688023D28BDB009A420AD29B
:10623000894B1B78013B022B05D8884B1B78002B20
:1062400001D100F08DFBFFF739FA0022844B1A7060
:10625000844E3388002B28D10023834A019313787E
:10626000002B2ED105F01AFA804A1388002B2FD16B
:106270007F4B1C78002C48D07E4C7F4D210028009D
:1062800001F05EFEFA2322885B009A4204D87B4B21
:10629000DA882B889A421AD2BFF34F8F784B794A0B
:1062A000DA60BFF34F8FC046FDE7013B9BB23380FE
:1062B000002BD1D1744B1B78013B5A425341DBB2C6
:1062C000CBE7013B1370654B1B78002BCAD0F7BDA1
:1062D0006E4909780029CBD16D4909780029C7D1C9
:1062E00069490978012904D10F28C1D01138012842
:1062F000BED9013B9BB21380002BB9D1654BDB7E2D
:106300003C2BB5D8FDF742F8B2E7634F634A3B88B0
:10631000127801339BB23B80012A12D0DB0710D4E4
:106320005F4D54492878431C2B705E4B4000C018C9
:1063300001F006FE2B78032B00D92C70012002F00F
:10634000A3F83B889B070AD1574B1B78002B03D13E
:10635000564B1B78002B02D00122554B1A704C4B28
:106360001B78002B47D1534B1B78002B03D0474B96
:106370001B78002B3FD0504B46491B78002B10D088
:106380004E4A1378002B0CD03F480078012808D0E3
:10639000013BDBB21370002B03D1454A0133CB74B0
:1063A0001370019B002B26D00023338005F076F973
:1063B000354B1B78012B06D10F2802D0113801284C
:1063C00001D8FCF7F5FFFEF7EBFB00230125224A7D
:1063D00013702E4A13703A4A13701C4B1D701F4BDA
:1063E0001B78002B04D001F001FF45406C00E4B2A3
:1063F000200005F033FF334B1B78002B1CD1324BB0
:106400001A78002A18D018780138C0B218700028FD
:1064100012D103F05BF8114B1B78002B0CD001F06C
:10642000E5FE002808D1294B1B88002B04D107F07A
:10643000EBFB022005F012FF02F0D0F804F098FE0A
:1064400045E7C0467E190020521900203719002068
:1064500064190020541A0020481B0020A9210020A4
:106460005319002056190020A82100206612002090
:106470005A1900202017002022170020241700207E
:1064800000ED00E00400FA05E91B0020E71B0020F6
:10649000581900205C1A00200E1700200817002051
:1064A000591900201817002013170020391A00204E
:1064B00060190020A42100208A1A002063190020FE
:1064C000E61B00203A19002066190020A0210020B8
:1064D000074B1B78012B0AD0064B1B78012B06D0EB
:1064E00001220549CB7C5340CB74044B1A70704792
:1064F000E91B0020081700205C1A00204A19002020
:1065000010B5114A1378002B03D0002313700F4AE3
:1065100013700F4B0F4C1A688023D28BDB009A420A
:1065200007D2238001220C4B1A700C4B92181A7060
:1065300010BD002301211A00A08802F005FB084BC2
:106540009842F5D02080EDE7481B00205319002029
:10655000541A00205C1A00204E1900205019002007
:10656000FFFF000010B5174B1B78002B21D1164BF5
:106570001B78012B1DD0002917D100281AD1134AEE
:106580001278002A01D1002B01D0022B11D1012356
:106590000F4A11784B40137003D00E4A0E4B1278FD
:1065A0001A700E4B01221A7003E0002801D0FFF789
:1065B0008FFF10BD022BFCD1094B1B78002BF8D0AC
:1065C000084BEFE7481B0020E91B0020A921002011
:1065D000F8120020D09201086419002060190020F0
:1065E000A4210020551900200022194B70B51A7003
:1065F000904204D0174B1B78DCB2934221D0164B4B
:106600001B78012B11D1154D2B78002B0ED00020BB
:1066100001F0BAFE002420002C7002F057FF104B4E
:106620001B78012B01D00F4B1C7070BDFEF7ECFFE7
:106630000D4B19780029EAD00A224A430B4B1A70F5
:10664000E8E708F00BF9074B1C70094BECE7C04674
:10665000481B002084190020081700203C19002046
:10666000E91B0020800000208D1A00206219002004
:1066700039190020F0B5984B89B01B78012B19D03F
:10668000122800D926E1FCF739F91300250117007B
:10669000150015001500E000EB00F60015002501BF
:1066A0001500150025012501250125011901FB0013
:1066B000FEF75EFD09B0F0BD8022884FD2003B6836
:1066C000DE8B964200D382E08549721C04A806F056
:1066D00077FA844880220021040010F0D3FF802242
:1066E0000021814810F0CEFF0823742200930C2172
:1066F000063B04A803F04CFF802523782200DB43EF
:10670000803223701378013DDB43EDB21370013406
:10671000002DF2D1754880222900040010F0B2FF4C
:1067200080222900724810F0ADFF082374220093E4
:106730000C21043B6F4803F02BFF802322782100BB
:10674000D243803122700A78013BD243DBB20A7017
:106750000134002BF2D10220FEF707FB0320FEF7E5
:1067600004FB0420FEF701FB96240520FEF7FDFA4A
:1067700064000A20FEF7CEFBFEF7BCF90A280BD016
:10678000132802D1013C002CF3D100225A4B1A707D
:106790005A4B01321A708DE700220224110030009A
:1067A00003F064FD02F072F90122554B55481C704C
:1067B000554B1A7004F08CF92000FEF7D6FA03202E
:1067C000FEF7D3FA96208000FEF7A4FBDDE79642A1
:1067D00000D06FE71B691B680393039A4B4B9A42E7
:1067E00000D867E7012400256442A8B203F036FB15
:1067F000039B834219D12C00454B3A68D979A0B24A
:10680000022303F05DFD02F041F94249621C04A835
:1068100006F0D6F904A804F05BF90220FEF7A5FA09
:106820000320FEF7A2FAC820CDE7631C03D101388C
:10683000033000D92C000135B542D6D1002CDBDA6B
:10684000354804F045F90220B7E70122334B1A70AE
:10685000334B92181A700CF07FFD274B002299E7FA
:10686000002402222D4B1C702D4B1A700CF074FD6D
:10687000214B1C701EE70222284B1A70284BE9E7B7
:10688000164C23680833D87F01F0EEFBC0B21628FF
:1068900006D825680130C0B201F0E0FB0835E87782
:1068A00080232268DB00D28B9A4202D101221D4B49
:1068B0001A80134B01221A701B4BCFE7074C236839
:1068C0000833D87F01F0D0FBC0B20028E8D025689B
:1068D0000138E0E7154BEDE7E91B0020541A0020D2
:1068E00032780108FC1300207C140020FC140020E6
:1068F0007C1500203D780108800000203719002019
:1069000050190020457801084F1900203F420F0020
:106910005C1A00204D7801085878010808330020DF
:10692000881A00204C190020F8120020601900205D
:10693000002210B51100040002F0CEF800280AD0A1
:106940000221054B00201C809C80044B197002F032
:1069500025FA03F0EBFA10BD5C1A00205019002054
:10696000144B70B51A688023D28BDB009A4220D278
:1069700000230A2518001049104E0A78DCB2A24202
:1069800009D800280DD1042A13D1002301220B704D
:106990000B4B1A7007E06843F45C0133001980B2B6
:1069A000ECE7042AF1D0013880B2FFF7C1FF03F011
:1069B000BDFA70BD541A0020481B0020521B002055
:1069C00064190020F8B5AD4F04003B780D001600A7
:1069D000002B0CD0102800D15FE20D2800D10AE274
:1069E000002A00D075E2002900D15AE2F8BD122831
:1069F000FCD8FBF783FF13001300130013001300F0
:106A0000130013001300130013001D01A501A501BD
:106A1000000236024D02520213001300002A00D178
:106A2000CCE0002DE2D0964B1D78002DDED1954BA9
:106A30001A78002A02D01D70934B1D7004F026FABC
:106A4000002804D004F096F900228F4B1A70FEF74C
:106A5000A7F8092CCAD82000FBF73CFF052E3D63A0
:106A6000604066709DA68025884CED002368DA8B17
:106A7000AA42BBD21A69DE8D854B17681D8003F0D0
:106A800055FA02F0B7FA2268F6B2136900211F60C6
:106A9000536928001F600223D68503F011FC20688B
:106AA00002F086F8012002F041FB0222794B1A70B5
:106AB000754B00221A7099E7754A537C082B01D850
:106AC0000133DCB254740123724A1370724A13709A
:106AD000724A1370ECE7FEF779FBE9E76B4C236829
:106AE0000833D87F01F0C0FAC0B2162801D80130AF
:106AF000C5B22800266801F0B1FA226808361100F4
:106B0000F0770831C97F664B4900CB5AD08B93830D
:106B10005F4BD979022303F0D3FBD4E7FEF7B6FA33
:106B2000C6E7FEF7D5FAC3E701245A4B1C70FFF7FE
:106B3000E7FC5C4B1C7003F0F9F957E7534C2368F2
:106B4000D88B8023DB00984214D201F021FF037818
:106B500001007F2B10D97F22134003702368D88B4C
:106B600001F006FF01224B4B1A704F4B1A700022A6
:106B7000454B1A704D4B9CE721680A002C32137864
:106B80000133DBB2332B00D81D001570C88B0122F6
:106B900003F06CFBE6E701233D498A7D5A408A7584
:106BA000434A13703C4A94E7424B1B78002B02D0B7
:106BB000FEF72CFA1AE7FEF731FB17E7002900D0A1
:106BC00014E73A4A1378002B07D000231370FDF71F
:106BD000E7FF2000FFF74EFD08E72B4A13702B4B11
:106BE0001B68DA8B8023DB009A420BD2200004F072
:106BF00085F8314B314D1C782C70A408FFF7B0FE9E
:106C00002C70F3E69A4200D0F0E604F03FF9002839
:106C100003D11C4B187004F0ADF8200004F0B8F854
:106C2000254B03211878FBF77FFE244C2070DDE60E
:106C3000002A45D0002D00D1D8E600221B4B1A7047
:106C40000F4B1B78934200D0D0E60E4A11780029F2
:106C500002D013700C4A137004F018F9002804D005
:106C600004F088F80022084B1A7001210A4B0A0030
:106C70000A201970FEF73EFAB8E6C046A9210020A6
:106C8000E91B0020481B002080000020541A00202F
:106C90005C1A0020501900206019002037190020CC
:106CA000C8910108251900204F190020F812002072
:106CB0004A1900202F190020D092010864190020E1
:106CC000002900D092E604F0E1F88E4F8E4E0028A5
:106CD00027D004F0E9F88D4B04005B6B98421AD87A
:106CE00001F0D0F98A4D2B68DA8D82420AD08022D9
:106CF000D885884BD2001A8003F018F902210020B1
:106D000002F04CF82D682000A98B01F0E5F9012272
:106D1000814B28601A8004F02DF800233B703370FB
:106D200064E601247D4B1C70FFF71AFE3B783D7032
:106D3000002B03D17A4B34701C7057E6357055E642
:106D4000784B01211B78002B10D00B2C12D0714CEA
:106D5000637D002B01D1494249B2734B1B78002B54
:106D60000AD0481E431E98410B3033E70B2CEED05F
:106D70000239ECE74942EAE7624B27881B78002E8C
:106D800005D1002D00D131E6002B06D02EE6002BD8
:106D900000D02BE6002D00D128E68023DB009F42A7
:106DA00014D15B4D2868FEF725FC040001F004FABD
:106DB000002800DA1AE62B6820001C60FCF7E0FED1
:106DC000FCF70CFF0122544B1A800FE600237818C1
:106DD0001A0080B201F0B8FE544B984200D105E68B
:106DE000874200D102E60122514BA0801A70208018
:106DF000504B92185EE6002E10D1002D00D0F5E524
:106E000004F044F8002814D00D2003F0C1FF4A4AD2
:106E1000424B12781A703C4B1D70E7E5002D00D1F3
:106E2000E4E50024374B1C7003F0A4FF364B1C70C4
:106E3000DCE53B78002B11D1324A1378002B00D1CE
:106E4000D4E50A21013BDBB213703C4AD1543A4AE3
:106E5000324B12781A702C4B1E70C7E5FEF788F97A
:106E6000C4E52B4B1A688023D28BDB009A4200D0FA
:106E7000BCE504F00BF8002800D1B7E5002D00D0E8
:106E8000B4E5002E00D0B1E50E2003F081FFADE5A2
:106E900031002800FFF766FBA8E52800FFF7A4FBF8
:106EA000A4E5122800D9A1E5FBF71EFD8BFE8BFEA1
:106EB0008BFE8BFE8BFE8BFE8BFE8BFE8BFE8BFE8A
:106EC0000DFF4AFF4AFFA0FDDBFFF2FFF7FF8BFE3D
:106ED0008BFE122800D989E5FBF706FDA3FDA3FD73
:106EE000A3FDA3FDA3FDA3FDA3FDA3FDA3FDA3FDA2
:106EF000ACFE32FF32FF88FDC3FFDAFFDFFFA3FDE8
:106F0000A3FDC046481B002080000020F891010826
:106F1000541A00205C1A00204C190020641900202B
:106F200046190020431A0020F8120020FFFF00003D
:106F30004E19002050190020D0920108521B002049
:106F4000002300B50B60302850D8FBF7C3FC191D97
:106F500027292729454F2D4D23313131331F25193D
:106F6000212B354F2319254F45194F45453F4D25B9
:106F70004F4F4D4D4D4D454D373B3B3B3B3B4B0004
:106F800009230020136000BD1723FAE73D23F8E72B
:106F900001230B600A23F4E70323F2E7D023F0E791
:106FA0003223EEE72823ECE705230B60AE33E8E756
:106FB000104BE6E70523E4E73323E2E70E4B0B60D3
:106FC0000E4BDEE70E4B1B78013BDAE70D4B1B68DF
:106FD00031331B78012B01D10223D2E7022B01D1DF
:106FE0000023CEE70423CCE70123CAE70120404277
:106FF000C9E7C046FF030000DC050000AC0D00003F
:1070000090930108541A0020F0B587B006000F00D5
:10701000140004F043FB0D2835D1534B1B78002B93
:1070200031D0524B1D68002D2DDB002E29D0092DAB
:1070300027DC002C25D00F224D4902A810F040FB80
:107040006A464C48E4B2435DD61DE318DBB2190032
:1070500000222039C9B25E2903D91F2B0AD87E230A
:107060000BE00132B75C9F4202D11B19DBB2EEE7A5
:107070000F2AF0D17E2B00D92023012243553E4B0D
:107080001A7007B0F0BD002F28D1002EF9D03B4B6D
:107090001F70354B384D1A78002A22D1384B394EA3
:1070A0001B783078013B614201F02AFC0122364B0B
:1070B00030701A702A7004F0F1FA0F28E1D004F051
:1070C000EDFA1128DDD004F0E9FA1228D9D02F4BBF
:1070D000DB7E002BD5D1FCF759F9D2E7002ED8D1B1
:1070E000CFE704F0DBFA072812D1294B294E1B68A1
:1070F0003068998B284B4C432018984203DC0028B9
:1071000002DA264800E0002000F0E6FF30600FE0E1
:1071100004F0C4FA0C3801280DD800231D4E1A00C3
:1071200030682100001980B201F00EFDFF28EDD17A
:1071300001232B70A5E704F0B1FA02AAC0B201A99D
:10714000FFF7FEFE0028F3D1124E019A31681000BD
:10715000029B914203DB18008B4200DD08002100F6
:1071600001F0CEFBD2E7C046E51B0020B81B002093
:1071700061780108BC1B002080000020481B002013
:1071800038190020E41B0020461900205C1A00205A
:10719000541A0020E01B0020F5E0F505F6E0F505A7
:1071A00070B5B44D88B02C6804F078FA02AAC0B269
:1071B00001A9FFF7C5FE002809D1AF4B019A196854
:1071C000914201DA1A6002E0029A9142FADC01234C
:1071D000AA4E337004F062FA30284AD8FBF78EFBCF
:1071E000310038004D0064004B00620072007800EE
:1071F000FA007D008300B300A500BF00D400D900D1
:10720000F600E000EB00FF00090118011F01240156
:107210002C01490034013801490032013C0194003D
:1072200041017801490049009C01A201A901AB017B
:10723000B901AD017E0189018901890189018901B5
:1072400085018D4A8E4B12685A748E4B0122E9E0FB
:10725000894B2C6818680834C0B200F0FFFE802308
:107260002A68E077D28BDB009A4202D10122864B5A
:107270001A8008B070BD2C6808347F4B1A68002A49
:1072800004D12379012BF4D0A280EFE7D3B2682A8E
:1072900004DC0222013B22716371E7E70322693BB0
:1072A0002271F9E72C680834734B1B68002B04D15A
:1072B0002279012ADDD1A380D8E7013B6371012344
:1072C0002371D3E76C4A2B6812680133DA77CDE774
:1072D000694A2B6812689A61C8E7674A2B68126886
:1072E0002B331A70C2E7644B684A1B68D8B210701F
:1072F00001223270002B04DD0138C0B2FCF7D0FC53
:10730000B7E7FCF7C1FCB4E72B6831331878604B62
:10731000012802D0002803D15E4B574A12681A7028
:1073200001F0ECFF01233370A3E70022524B110060
:10733000186880B202F09AFF0222524B1A70564B24
:10734000013A1A7095E74C4B2A681B689BB2D383AD
:107350004B4A938002224C4B1A804A4BEEE74F4B2C
:107360000922190020205C7A2500854307D0FF2CD4
:1073700005D0414B186880B202F058FF79E7587287
:10738000013B013AEFD2F4E73B4A3D4B12689A7653
:10739000C8E7394A3A4B1268DA76414B002241E09D
:1073A000354B404A1B68404913700A7801339A42B2
:1073B0000ADA1A0008E0304B3B4A1B68394913705F
:1073C0000A78013B9A42F4DC0A70ABE7374B2A4A51
:1073D000126827E0284A2A4B12689A74A2E71E21F5
:1073E000254B334A1B68DBB213704B43314A137091
:1073F00098E7214B29681A680B002C331A70C88B48
:10740000012202F033FF01221E4B1A70224B98E733
:10741000194A1B4B1268511E8A411A7682E7164B95
:107420001A68254B1A707DE7134B1A68234B1A70A4
:1074300002F07AFC224B09E70F4B29681A680B000F
:107440003233DBE71F4BC2E70B4B1A681E4BE9E7F1
:10745000094B1A681D4BE5E72B68074A3133126860
:107460003FE7054B1868431E9841C0B202F07CFF0D
:10747000FFE6C046541A0020E01B00204A190020F5
:107480005C1A0020501900204C1900202A1B0020F3
:10749000490000203E1A00204F190020BC1B00208C
:1074A0002F190020251B0020261B0020471A002032
:1074B0008A1A0020631900208D1A0020921A0020D9
:1074C00051190020391A00208B1A00208C1A002034
:1074D000214A224B12681A70214B5FE71E4B21484C
:1074E0001B68C38002F098FEC3E61B4B1A681E4B54
:1074F00098E703AC22001D4B23CB23C203CB03C26E
:10750000154B1D6804F0CAF8194B2B38ED008000AC
:107510005B1902591B796AE7164B0F4A1268511E14
:107520008A417FE7144A0C4B1B68013B59424B418F
:107530005DE7124BF1E7124AF5E7074A114B126873
:10754000511E8A411A7001F06BFD012001F0EEFD21
:10755000E8E60D4BE1E7C046E01B0020481A00209A
:107560000717002024170020271B00203077010870
:1075700094930108441A0020431A0020411A002065
:107580003A1A00203D1A00203C1A002030B587B07E
:1075900004F084F8302858D8FBF7B0F931003600F1
:1075A0003F003F005D006C0076007C00A60081007B
:1075B00087008B00CF008B008F009300A3009D00FD
:1075C000A000AA00AD00B200B600B900BC00570090
:1075D000C400C7005700C100CA00DA004D00D70040
:1075E000570057000B010E01110114011A01170178
:1075F000E800EF00EF00EF00EF00EF00EC00764A4C
:10760000764B527C1A6020E0754B1B680833D87F9C
:1076100000F02AFD714B186017E0714B1B681D7953
:107620005C7904F03BF80338434258416B1E5A42E0
:107630005341984202D00022684BE3E7674B022D8A
:1076400005D80134002DF6D01C6007B030BD693478
:10765000032DF9D0EFE7624B604A1B68197B0229C2
:1076600004D00329E7D15B7B693301E05B7B013305
:107670001360EAE75A4B1A680023117B012901D1F4
:10768000537B0133554AF3E7554B544A1B6801338A
:10769000DB7FEDE7524A514B12689269B2E7504BDB
:1076A0004E4A1B682B331B78E2E74C4B4D4A12784D
:1076B000A8E7494A494B9288A4E7474A474B927E3C
:1076C000A0E7494B1A78454B002A01D0474AEEE71C
:1076D000414AD27E96E7414B454AE8E73F4B454A4F
:1076E000E5E73E4B444AE2E73B4A3C4B927C89E764
:1076F0003A4B424ADBE73A4B384A1B682C33D2E715
:10770000354A364B127E7DE7344B3D4ACFE7334B4B
:107710003C4ACCE7324B314A1B683233C3E72F4B2C
:10772000394AC4E72D4B394AC1E72C4B384ABEE7EA
:107730002B4B2A4A1B683133B5E7274B0022988828
:107740000123190001F000FA64E7244B314AAEE747
:10775000234B1B6831331A78204B012A01D12E4A62
:10776000A5E7022A00D166E72C4AA0E72C4A1B4B6A
:10777000D28847E7194B2B4A99E701AC22002A4BE4
:1077800023CB23C203CB03C203F088FF2B38800036
:107790000359264A1878264B19780023994200DCB1
:1077A00053E70832141F2478844200D16AE701337A
:1077B000F4E70A4B1F4A7AE7084B1F4A77E7074B63
:1077C0001E4A74E7054B1E4A71E7044B1D4A6EE7DB
:1077D000024B1D4A6BE7C0465C1A0020E01B0020EC
:1077E000541A00202A1B00202F1900202E190020D7
:1077F000251B0020261B0020471A00208A1A002083
:107800008D1A0020921A0020391A00208B1A0020AD
:107810008C1A0020481A0020490000203E1A00203F
:1078200024170020271B00203077010894930108BB
:1078300090930108441A0020431A0020411A0020A6
:107840003A1A00203D1A00203C1A0020F7B5060025
:107850000D00140010284ED8FBF750F8110011004D
:107860001100110011001100110011001100110090
:10787000CA006E017901B0014D00E7010102002A42
:1078800039D1002937D003F009FF0D2811D1B749AC
:107890000B68002B0DDB092B2DDCB54A3036D65496
:1078A00001330B600A2B00D0B1E1B24B1C70B24B1C
:1078B0009FE10125300003F021FAB04BB04C1D7060
:1078C000B04B1B78002B34D12278AA4223D0022A55
:1078D00043D10A20AC4A2370137851784343CB1824
:1078E000002B3AD0A9480078984212D3A84A013B0D
:1078F0001370A84B1D70A84B1B78012B08D103F007
:10790000CDFEA64C1C2800D0ADE1A54B1B882380E2
:10791000F7BD117025709C4B1B78002B1DD09B4A26
:1079200012789A4219D39A4A013B1370994B01225B
:10793000CFE003F0B3FE072812D12378052BDAD964
:1079400003F0F4F900F0ECFF964B1B68998B64236D
:10795000584300F0C1FB944B186000232370CAE722
:1079600003F09CFE0B3802281AD82378032B00D88A
:107970004DE10023844923700A780A335A4348783A
:1079800012185A43887812185343CA78013A9B1840
:1079900080229BB2D2009342ADD2834A1360AAE701
:1079A00003F07CFE6946C0B201AAFFF7C9FA0028BD
:1079B000D3D101990320632903DC2800092900DDC4
:1079C00002200022130025786F4FD6B2B54207D8A7
:1079D000854201D100222270994200DA8BE7DCE770
:1079E0000A267343BE5C0132B44663449BB2ECE7A3
:1079F000002A00D07FE7002900D17CE701225F4BFD
:107A0000604E1A703378002B19D103F047FE0C3802
:107A100001280AD90022584B1A7001233370584BA1
:107A20001A70524B013A1A6065E75F4B22001868E2
:107A3000210080B201F050F80028EBD15BE703F0A1
:107A40002DFE0D2847D1494D2B68002B2CDA564EC0
:107A500022003068210080B201F03EF8002800D1F9
:107A600049E7434C3168200089B202F0FFF9200059
:107A7000FBF706F95F220300092B12DD00220A261C
:107A8000C30F86425341DBB21100934200D0311A3A
:107A9000201842542A602100112244480FF010FEA1
:107AA00029E7E2540133E7E7092B14D801332B60AF
:107AB0000A2B00D01FE72F4B11221C702E4B2C4994
:107AC0003A481C700FF019FE002804D134700022CF
:107AD0002B4B1A700FE73378002BF8D003F0DEFD44
:107AE0000400202803D003000B3B022B1ED8224D9C
:107AF0002F78002F12D0012FE9D102232B7003F031
:107B0000DBFD202C0DD1FFF74BFBBFF34F8F284B34
:107B1000284ADA60BFF34F8FC046FDE701232B7080
:107B2000D5E7144B1F7000233370F8E70122114B87
:107B30001A7000233370CAE7124A1F4B12781B7861
:107B4000002A0AD00122002B0BD1524209E00D4A33
:107B5000194B12781B78002AF4D00122002B00D098
:107B6000023A21002800FFF74FFAC4E6B81B0020B4
:107B7000BC1B002047190020E81B002080000020CB
:107B8000481B0020E51B0020521B00203819002054
:107B9000E41B002046190020E91B00205619002094
:107BA000D2920108541A0020E01B0020CD1B0020B7
:107BB00000ED00E00400FA05431A0020002A00D07E
:107BC00099E6002900D196E62B4B2C4E1B78002B12
:107BD00028D1FBF7EDFB2A4D2B78002B19D0294C2F
:107BE0002378002B08D10023274A2B7013702370B1
:107BF000264B01221A700AE003F050FD0728F2D14B
:107C00000A212378224A013BDBB22370D1541B4B5B
:107C10008DE6204B3470DB7E002B01D1FBF7B6FBE9
:107C20001D4B84E601233370FAE703F037FD0D287E
:107C300010D11A490B68002B0CDB002C00D05AE63F
:107C4000002D00D157E6092B00DD54E6144A13300D
:107C5000D05425E621002800FEF784FC4BE60800FE
:107C6000FEF7C2FC47E603F019FD2A2800D14CE6D6
:107C70000C4B1B784BE6C0465819002080000020B2
:107C8000E51B0020481B0020E81B002046190020AF
:107C9000521B00205C1A002055190020B81B002040
:107CA000BC1B0020D49201082721F0B5314B89B0CC
:107CB0005A6B02A80A435A635B6B00240B40019382
:107CC000019BFBF779F9032301272B4D0493FD3327
:107CD000059402A9AB622800069402930397FBF770
:107CE00019F9F0230394254C1B0202A920000293EA
:107CF0000697FBF70FF9802302A9DB002000A026DE
:107D00000293FBF707F94023F605B3613C3BA361FF
:107D100002A97433200002930397FBF7FBF8A42316
:107D200002A95B0030000293FBF7F4F8C12302A91B
:107D30009B0020000293FBF7EDF8802302A99B0132
:107D40000F480293FBF7E6F8602302A9280002938C
:107D5000FBF7E0F8802302A99B0028000293FBF7C1
:107D6000D9F8C0233000DB0102A90293FBF7D2F857
:107D700009B0F0BD00100240001400500004005093
:107D800000080050F7B502221B24614B6148596B73
:107D9000012511435963596B114001910199016803
:107DA000214301608020196C800001431964196C23
:107DB000594C0140009100991868584908408021A9
:107DC00089030143E0201960A368554900030B4073
:107DD000A360636853490B406360A36852490B403A
:107DE000A360636851490B406360A3680343A360C9
:107DF000A368C0209343A360A3684D4A0B40A360CF
:107E0000236B80001340236363684A4A1340636016
:107E100063681340C02263600923520011004000D0
:107E20002940013B08435208002BF7D1202280054E
:107E300002D0FAF707FFC2B280239B00D3403E4A2C
:107E40009B009B181F221968C0209143173A0A43D0
:107E50001A60C0221A2301259204C00411004000B8
:107E60002940013B08435208002BF7D14001203341
:107E7000002802D0FAF7E6FEC3B28025ED04DD400B
:107E80002E4BF822F820AD00ED18012718232E689C
:107E900012044004110040003940013B08435208DD
:107EA000002BF7D1C0012033002802D0FAF7CAFE18
:107EB000C3B2C0225204DA4007239340F820F822CC
:107EC0009E4301271823120440041100400039404A
:107ED000013B08435208002BF7D1C0012033002892
:107EE00002D0FAF7AFFEC3B2C0225204DA40052333
:107EF0009340042233432B60A3681343A360A36819
:107F00001342FCD10123A2681343A360F7BDC0460E
:107F1000001002400004005000240140FFFF9FFFBA
:107F2000FFFF7FFFFFFFFFFCFFF7FFFFFFFEFFFFED
:107F3000FFFF0FFFFF17FFFF302401400C2401401B
:107F4000A022094B10B59C68D20322439A600222FA
:107F50001C681442FCD0052252421A601B6D03803B
:107F600000230B8010BDC0460024014010B5FFF770
:107F70009BFEFCF743FFFBF7F1F8FFF703FFFCF76D
:107F800043FB05F035FB10BD0E4B4900CA5A802358
:107F90001B0130B5D2180400802013000C210A4DBB
:107FA00040015B00034200D06B4001390029F8D149
:107FB000D802064B18401043032C01D1044B584003
:107FC00030BDC046F4840108EA08000000F07F00DC
:107FD000FFFF7F00F7B504001727E02380221B0175
:107FE00023401201934215D10025104B0093E30565
:107FF000DB0D0193009A6B00D35A019A934206D18C
:10800000EEB231000220FFF7BFFFA0420BD00135D6
:10801000682DEFD1012323409B056408013F1C43D9
:10802000002FDAD1FF263000FEBDC046F4840108DF
:1080300070B502003224FF200023074E5900755A04
:10804000511B00D5A91AA14201DA0C00D8B20133A4
:10805000322BF3D170BDC046C4850108014B185CBA
:108060007047C046B091010803000020044A115C2B
:10807000994203D001301828F9D100207047C0463A
:10808000B09101080623054AD9005158814201D810
:1080900058B27047013BF7D20020FAE7F891010887
:1080A00070B5069C0D00049E05999C420BDD8C4228
:1080B0000FDAB44208DC2A1AE01A5043F11AFAF730
:1080C000BDFC2818C0B270BD521BA01B5043891BB9
:1080D000F5E71000F7E70000164B70B505000C003F
:1080E000994215D11449FAF7A5FC0800AF2189007F
:1080F000FAF71AFC44430338434258410E49241806
:108100002800FAF711FC0C4D45436519280070BD95
:108110000129FBD0FA239B00994200D34C08601C34
:1081200080B2401021004019FAF7FEFB44432500BD
:10813000ECE7C04641030000C4090000134A0300F5
:108140008118134A91421ED8124A134982188A4252
:1081500019D9124A1078022805D0032809D0431EE5
:108160009841404204E00E4A0E489B1898428041D4
:1081700070470D4A0D499A1800208A42F8D90C4AD6
:108180000C489B18F2E70120EBE7C04640A3EAFF4A
:1081900040A8D40680FD8AFC7FA81201481A00205E
:1081A000007B30FF806B2B02407557FD204E000096
:1081B000142E6BFD10980200084A03008118084A2B
:1081C000914208D8074A0020934203D9064A9A42AE
:1081D0004041404270470120FBE7C04640A3EAFF10
:1081E00040A8D4067F027503FFAA8704022200205C
:1081F000034B1B78023BDBB29A424041C0B270474E
:10820000081700200023124A1370124A1370124AF2
:108210001370124A1370124A1370124A1380124AD2
:108220001370124A1370124A1370124A1370124AD2
:108230001370124A1268110031310978994201D144
:1082400013691B790E4A137001220E4B1A70704786
:108250004119002044190020421900204019002033
:1082600032190020681900205F1900205E190020D3
:1082700034190020351900205D190020501A002003
:108280004B1A00206019002010B5012814D1FCF70A
:1082900091FD00220A4B1A705A700A4B1B78002B72
:1082A00006D0094B1A88002A02D1084A12881A807F
:1082B0000122074B1A7002E003380128EDD910BDE6
:1082C0005B190020A9210020A0210020D6920108DE
:1082D000601900200A2270B5002401250D4B9B7EF9
:1082E00053430D4A13800D4B1C700D4B1D700D4BED
:1082F0001C70FBF73DFD21002000FBF7BBFB0A4B88
:108300001D700A4B1B78AB4202D0200003F0A6FF81
:1083100070BDC0465C1A00200A1700208619002094
:10832000E8120020381A002060190020E91B002004
:10833000114B10B51B78002B01D005F059F9012421
:108340000E4B1C7003F07CFF00F06AFE062021003B
:10835000FBF790FB0A4B187800280AD00138C0B20E
:10836000FBF79EFC074B1B78DB0701D5FBF720F8DA
:1083700010BDFBF789FCF5E7A9210020601900205A
:108380002A1B0020471A002070B5194B04001D78E5
:108390001870052D0ED1052810D0FBF72FFD0022F7
:1083A000144B1A7003F018FE002C0AD12800FFF7B6
:1083B0006BFF70BD0028F9D0052802D1FFF78AFFB6
:1083C000F7E7012C0DD1FFF7B3FF0B4B1A880B4BCE
:1083D0001A8000220A4B1A70032CEAD0094B1A802B
:1083E000E7E7022CF1D10122074B1A70EDE7C046F6
:1083F00008170020E8120020C89201084000002061
:1084000085190020A0210020381A0020F8B51A4B49
:1084100006001A781C235343184A9B180122191D81
:108420000D88B54222D216484F88121892009B1828
:10843000FA22588819889200C01B5043491BFAF74A
:10844000FDFA040028000F496043FAF7F7FAFA2111
:10845000C719300089006043FAF766FA381801D569
:10846000002002E0642800DD6420F8BD0132043100
:10847000072AD5D1F4E7C046271B00203092010817
:10848000FFFFFF3F18FCFFFFF7B50500BE20424A83
:10849000800013885188414C5B189188D2885B1802
:1084A0009B189B1058433E4B2678D988FAF7C6FA9A
:1084B0003C4A83B213803C4A0700934228D90723E1
:1084C00023703A4B1F78012F05D103F0E7F81C28E1
:1084D00001D1374B1F70FA21364B374F1B883A7842
:1084E00049008B4239D8002A04D00122334B1A703C
:1084F0002F4B1A70002320783B70B04243D00022EB
:108500002F4C022834D922700122294B1A7037E0EF
:108510002C4A93420BD82C4A1278012A01D8002306
:10852000CEE7962189008B4201D2022AF7D001239F
:1085300005222649684623700FF0C2F8B8B2FFF74B
:1085400065FF6A460623C0B211798142B8D3013B68
:10855000DBB2013A012BF7D1B3E7002A06D1174B62
:1085600001321A70124B1A70FAF722FF0123C2E788
:10857000174B022808D001221A702378002BC3D091
:108580000022144B1A80F7BD1A70002DF5D0124B43
:10859000197801F095FFF0E7181700201417002054
:1085A00024170020161700207A030000E91B002082
:1085B0003719002020170020131700206019002011
:1085C0001017002075020000271B0020707801089A
:1085D000111700200C17002012170020174B70B540
:1085E0001B78002B28D0164C01252188154B013112
:1085F00089B20A002A402180002011001A7001F07F
:108600005FFF114B1B78AB4216D0002323800F4B2A
:108610001B78002B10D10E4B1B78002B0CD10D4B6F
:1086200005201D70FFF7B0FEFCF70AFB0A4BDB7E4E
:108630003C2B01D8FAF7AAFE70BDC04611170020E6
:108640000C17002012170020081700201317002015
:10865000141700205A1900205C1A002070B514204D
:10866000FCF758FCFCF746FA124E0400142035695A
:10867000FCF750FCFCF73EFA00223369844210D12B
:108680008021C9000B400D420DD0934209D00A2C25
:1086900007D1094B02321C70084B1C70084B1A8022
:1086A0000232100070BD002BFBD1113C63425C41D3
:1086B000E2B2F6E700040050110000201000002094
:1086C000FA12002073B50400012800D072E002F015
:1086D00027FAFAF76DFE0023093419007F226C484F
:1086E000009401F055FF02237F2200216948009485
:1086F00001F04EFF802604237F220021664800946B
:1087000001F046FFFCF72CFB2334FF34F6000A206F
:10871000FCF700FCFCF7EEF9112812D002F000FA89
:108720000A235E487F2200210093083B01F030FFBE
:10873000FCF716FB5A48FCF7EDFB002003F08EFD1A
:1087400073BD584D2B693342E8D1013C002CDED17A
:108750000A2602F0E5F9210001237F225248009603
:1087600001F016FFFCF7FCFA012001F0FDFD02F01C
:10877000D7F9210001237F224C48009601F008FF21
:10878000210003237F224A488024009601F000FF45
:10879000FCF7E6FAE4002B69234207D0FCF7AAF9BC
:1087A000132803D16420FCF7B5FBFBE70A20FCF794
:1087B000B1FBF0E7022864D1FAF7FAFD0A2502F0CE
:1087C000AFF900237F2219003A48009501F0E0FE3E
:1087D00023007F2200212F48009501F0D9FE0423B9
:1087E0007F22002134480095802501F0D1FEFCF75E
:1087F000B7FA2B34FF34ED000A20FCF78BFBFCF7B3
:1088000079F9112800D089E7264E33692B4200D030
:1088100084E7013C002CEFD10A2502F081F9230006
:1088200021007F222048009501F0B2FEFCF798FA63
:108830002800FCF76FFB012001F096FD02F070F9B3
:10884000210001237F221948009501F0A1FE21009B
:1088500003237F2216488024009501F099FEFCF73F
:108860007FFAE4003369234207D0FCF743F9132869
:1088700003D16420FCF74EFBFBE70A20FCF74AFB20
:10888000F0E7042800D058E70DF0CAFD55E7C046D0
:1088900076780108807801088B78010894780108BF
:1088A000DC050000000400509E780108A97801084A
:1088B00041830108AF780108BB780108030000205C
:1088C000044AC100515A994203D001300A28F8D114
:1088D0000B387047881900200122002010B5064B84
:1088E0005968DC688C4201D2210010000132083343
:1088F0000A2AF6D110BDC046881900207047000032
:1089000040180649884204D0904202DB984202DCBB
:108910000300180070471300FBE7C046FFFFFF7F0E
:1089200070B50400FAF7ACF9002301000A2518001D
:108930008B4200D370BDE25C303AD2B2092AF9D83A
:10894000684301331018DBB2F2E70000074B10B5A3
:10895000984202D900230B8010BD8023DB01C01890
:1089600002224000FBF7C8FEF6E7C04606040000FE
:10897000064B10B5984207D88023DB01C0180222AD
:1089800000234000FBF7C6FE10BDC04606040000F1
:10899000F8B5164B05000024984224D8FFF78EFF47
:1089A0002700134EA04217DA124AF900715A914279
:1089B00005D001370A2FF8D1FFF78EFF0700FF001F
:1089C000BC1C341921002800FFF7C0FF0A4AF553E8
:1089D0001268F619726006E0074AC400126833197B
:1089E00002345A6034192000F8BDC0460604000065
:1089F00088190020FFFF0000281900201F4B73B5C5
:108A000004000D00984218D8002916D001A9FFF7DC
:108A10009DFF0222290001A80EF06FFE00280DD153
:108A20002000FFF74BFF002807DB154B2A88C0000A
:108A30001B185A80134A12685A6073BD290020001F
:108A4000FFF796FF2000FFF739FF0D4E002807DBE8
:108A5000C0002B88301843800A4B1B684360ECE74A
:108A60000020094BC200B25A9A4204D001300A28B1
:108A7000F8D1FFF731FFC0003452EAE706040000E6
:108A80008819002028190020FFFF00000023012082
:108A90001900044A404201331080516008320A2B09
:108AA000F9D170478819002013B5FFF7EFFF802335
:108AB0005B026A4600930223002493806A466300A7
:108AC000D05A044B984201D8FFF762FF0134032CBF
:108AD000F4D113BD0604000070B506000C001500AB
:108AE000FFF756FF8023DB009E4228D20378002C3C
:108AF00002D05AB2002A22DBDB435B071FD0002CD6
:108B00001BD0322D04D94378002B03D0200070BD38
:108B1000002D14D04378332BF8D0AB420FD1094B42
:108B20009A7F002AF2D01A8C0024B242EED05C8CDC
:108B3000A41B631E9C41E4B2E8E70124E6E700249D
:108B4000E4E7C0465C1A0020F7B58025ED000E0072
:108B500004002F00009201930B4B9C4212D0BC42A8
:108B60009B411C402000019A0099FFF7B5FF0028A7
:108B700006D1013DA419ADB2A4B2002DECD1024C36
:108B80002000FEBD014CEDE7FFFF0000FF030000E9
:108B90000279531E022B03D900230371002105E043
:108BA0006723012A00D1363B9942F7D841717047BB
:108BB000F0B5036904008DB01868FFF763FA022866
:108BC00046DC554B554A06AF557C002D43D1A31CBE
:108BD000DD7781235B426384FE23FF22DB01A384D4
:108BE000E31DDA77636903251868FFF74BFA4C4BEE
:108BF0000600C0182300283304931B7800016B4340
:108C00003900C0182A00FBF777FD049B19783B0058
:108C1000002900D07AE01A7892081A70013DEDB26E
:108C20000133002DF4D13F4AF600B358921955682C
:108C30006669BA7879783878366801955D196D0873
:108C400002960095FFF72CFA293420700DB0F0BD84
:108C500080235B02B6E7ED1823002133069303332C
:108C60007B60023BBB600333FB60023B3B61033331
:108C70007B612B003E00603304932800012202CE6A
:108C8000FBF73AFD049B10359D42F6D1E31CDB7FD8
:108C9000A61C0493B446F67F611DCD7F7210A31D00
:108CA000E11D201DC97FDB7FC07F0592049A49002A
:108CB000520004927608B54203D1012D01D9023D3C
:108CC000ADB2049EB34203D17D2B01D802339BB2D7
:108CD000884203D1FD2801D8023080B26646059A49
:108CE000F277661DF577FF2900DDFF21E51D049A67
:108CF000E977211DC8777F2A00DD7F22E11CCA7732
:108D00007F2B00DD7F23A21DD3776BE7022900D0E4
:108D100084E71A78463280E7600001005C1A002080
:108D20000D100000F891010870B5150004000E0048
:108D3000442200210EF0A6FC2800FFF7A3F9220030
:108D400000230D212C32E0851370243AD1770A4993
:108D5000E683498B2000A18321002A310B70023960
:108D60000B7062612A322560A5602461013A53705C
:108D70001370FFF71DFF70BDC8910108421CD27F20
:108D80000368012A03D0022A04D0836070478269F5
:108D90009B18FAE782699B1AF7E700004423F0B5B5
:108DA00043438E4C89B0019340331B1900938023B9
:108DB000060020880D00DB00984217D38027FF00B3
:108DC0003800FFF7E5FD8023028885490290DB002B
:108DD0008A421BD19F4201D2804A1380814B3900C5
:108DE0001A680098FFF7A0FF09B0F0BDF3B20022A7
:108DF0000121FFF7A9FE7A4B0700984203D1802397
:108E0000DB002380DAE72080A080D9E733209F426F
:108E100001D2029B587844210B0073436F4AD31848
:108E20001C005E331F8080236C342070DB009F4267
:108E300000D38AE0022D00D08BE03D0108220F24F0
:108E4000A81804A9FBF758FC04ABD8780440022CFE
:108E500000D9002444210A007243604B9A18603202
:108E6000147002092F2800D9002271435B18713356
:108E70001A7004AB9A79172A00D90D224423734340
:108E8000564CE3181900180067310A705649520011
:108E9000525A0F215C30028004AA92784C33114060
:108EA00012091A70183804AB017019780098FFF78E
:108EB0006FFE019804AB483059780019FFF768FE3F
:108EC00004AB1B79FF2B00D182E001221800590866
:108ED00011408C46D9061040490F022900D90021C3
:108EE0005B0913400393442272433C4CA2181300C5
:108EF0006A331870100063466B300370039B0338AD
:108F00007032017013702800082206A9FBF7F4FBE9
:108F10000698431C01D1334B186844257543334BE5
:108F2000079A651928649A4201D9314B0793442363
:108F30007343E418079BA3658023DB009F420BD19A
:108F40005C342188FFF7C8F806E0022D3DD09F422F
:108F50003BD071435218106C4425802375431F4C3D
:108F6000DB00651928649F4206D32B005C33198807
:108F7000A86DFFF7B1F8A8650098FFF7FFFE802302
:108F8000DB009F4205D2019839007330201800F0B1
:108F90006DFF44210A007243A2186A32019B1078C7
:108FA0004833009AE318002801D01A00009B71434F
:108FB00064186365029B22651B787234DB069B0F85
:108FC00000982370FFF7F4FD0EE790252D0235E79A
:108FD000002084460100039085E7C0465C1A00200B
:108FE000FFFF0000F8910108C8910108FFE0F505B6
:108FF00040420F004423064AD1794B4340339B182B
:109000009171044A1360044A1360044A1360704764
:109010005C1A0020541A0020501A00204C1A00201C
:1090200070B5334D2B682B331C78012C03D1314B99
:109030001C780134E4B2A02380220026DB05520014
:109040009A622D4B310030001E70FAF713FD022C8E
:1090500000D9340000212000FAF774FD2B685B6909
:109060001868FAF78DFD254B00201B681A00313275
:109070001278824206D132331B78012B01D0022BA9
:1090800000D91800FAF724FEFAF7AAFE0A20FBF727
:1090900041FF2B685B691868FAF7DEFD01210800C3
:1090A000FAF7E8FC0520FBF735FF2B685A692933EE
:1090B00018781168FAF754FD0A20FBF72BFF2B688C
:1090C0005A69107901280BD0831E012B05D85179DC
:1090D000FEF75AFFFAF7E4FC70BDFAF789FEFBE7EA
:1090E0005279074B5200D05AFAF7F6FCF4E7C04623
:1090F0004C1A00203D1A002065190020501A00204B
:10910000C485010810B5084A430004000B431078D9
:10911000DBB2984207D0012048401370FAF766FC92
:109120002000FAF77DFC10BD4B000020F0B5684E22
:1091300087B0336803902B331C78012C03D1654B27
:109140001C780134E4B2A02380220025DB05520004
:109150009A62614B290005201D70FAF78BFC336879
:10916000032031331978012904D0022C00D92C00B6
:1091700000212000FAF7E6FC00210620FAF77AFC2D
:1091800000210800FAF7ECFC00210120FAF772FC3C
:1091900001240C20FAF76CF906002640204207D083
:1091A00000210220FAF758FA2000FBF7B3FEF0E79F
:1091B00031003F20FAF750FA484B7D2019783F23C1
:1091C0001940474B474C1943FAF746FA404D2B6874
:1091D0001B691F683800FAF7D3FC29688B1DDB7FF9
:1091E000481D0493C07FCA1CD27FCB1D0590DB7F36
:1091F000881CC07F04310193C97F049B00910599AD
:10920000FAF7FEFC3800FAF727FD30000121FAF7E3
:1092100031FC230022003A333C321B7811781B01C9
:109220001943B0231B0219434820FAF715FAFAF73D
:1092300087FE2B680C261A0031321278002A14D1CE
:109240001B6918795979012837D0831E012B2CD836
:10925000FEF79AFEFAF724FC234ECE34207800283D
:1092600032D00138C0B2FAF71BFD2B6800201A007B
:1092700031321278824204D132331B78012B00D96B
:109280001800FAF725FD00210800FFF73BFF310029
:109290003F20FAF7E1F9FEF7B5FF039B002B02D060
:1092A0000020FFF771F807B0F0BD1048FAF714FC82
:1092B0000E48FAF735FC0E4ECFE70E4B4900C85A60
:1092C000FAF70AFC0C4EC8E7FAF7DEFCCDE7C04619
:1092D000501A00203D1A002065190020931A002022
:1092E00040E900005C1A00200C0700002602000084
:1092F0000C040000C4850108CC04000070B5040013
:109300000520022C00D00438FAF746FC012C3CD092
:109310000125022C00D18BE03120FAF7A9F8A843EF
:1093200081B23120FAF798F9C0212820C900FAF754
:1093300093F92C205449FAF78FF97F222821534BB7
:109340004A201B8893431943FAF786F94220504973
:10935000FAF782F9E8212A20C901FAF77DF90021FC
:109360002B20FAF779F92F204A49FAF775F94A4B79
:109370001E78042E00D90026484DB600715B54209B
:10938000AD19FAF769F9698879E03120FAF770F8D0
:10939000204381B23120FAF75FF942204049FAF7C1
:1093A0005BF92A203F49FAF757F980212B20C900A1
:1093B000FAF752F92F203C49FAF74EF93B4B1E7849
:1093C000022E00D900263A4DF600715B2B20AD1914
:1093D000FAF742F92F206988FAF73EF95420A98854
:1093E000FAF73AF95520E988FAF736F9012103200E
:1093F000FAF7A8FB2F4A0F2307CAFAF7D7FBA11EDB
:109400004B1E99412C4B494219403D20FAF724F953
:1094100023005A1E9341294A9BB207CA013CFAF71E
:10942000C5FB63425C410021E0B2FFF76BFE70BDFB
:109430003120FAF71DF8A84381B23120FAF70CF970
:1094400042201349FAF708F9E8212A20C901FAF75E
:1094500003F900212B20FAF7FFF82F200D49FAF726
:10946000FBF8B42128200901FAF7F6F82C2014495A
:10947000FAF7F2F813495420FAF7EEF8124955209A
:10948000FAF7EAF8B6E7C046626600000600002078
:109490005A6B0000909800003E1A0020DA920108F2
:1094A0005C6F0000347400009099000049000020B7
:1094B000EE92010814930108AB2A000020930108E2
:1094C0002218000009900000A93100000B4B002871
:1094D00007D1187058700122094B1870094B1A7087
:1094E0007047062805D1032218705A70064B187869
:1094F000F1E7064AD2799854F8E7C046491A0020A5
:109500006619002037190020D59201085C1A002046
:10951000234B10B51B68234C23605B691868FEF76A
:109520000DFE002806D001221F4B1A700320FFF702
:10953000CDFF2EE01D4B1B78002BF7D123681A00BE
:1095400030321278002A03D0194A1278042A21D026
:10955000184A1278002A1FD0062A1FD831331C78E7
:10956000002CE3D10120FEF70FFF134B134A1C80A0
:10957000917C0A2201314A431A801B88104A9BB20F
:109580001380104B1C70104B1C70104B1C70104B38
:109590001C7010BD0120CAE70220C8E70620C6E7FC
:1095A000541A00204C1A0020501900208419002061
:1095B0000817002014170020721900205C1A0020E0
:1095C0006E190020701900206C1900203C19002031
:1095D00062190020084B10B51B685B691B79023BC0
:1095E000012B05D8FAF77EFCC820FBF793FC10BDD1
:1095F000FAF784FCF8E7C0464C1A002010B5054B7A
:109600001878FAF755FDFFF7E5FF0020FFF78EFD0C
:1096100010BDC0468C1A002001218D4A10B5136878
:109620008C48013313608C4B19708C4B1970037884
:10963000013BDBB2002B00D19AE0037088490B7824
:10964000013BDBB2002B00D197E00B7085490B7812
:10965000013BDBB2002B00D195E00B7082490B7807
:10966000013BDBB2002B00D193E00B707F490B88EC
:10967000013B9BB20B80002B00D090E0F533FF3311
:109680000B8001217A4B19707A490B88002B0FD07F
:109690000C88642178486143038889B201339BB206
:1096A00003808B4204D3002301210380734B197084
:1096B00073490B88002B08D00B88013B9BB20B80B1
:1096C000002B02D101216F4B19706F490B78013BC0
:1096D000DBB2002B6CD00B7013689B0702D1012208
:1096E0006A4B1A706A4A1378002B03D01378013B37
:1096F000DBB21370674A1378002B03D01378013B59
:10970000DBB21370644B1A78002A00D083E06349FF
:109710000B88002B08D00B88013B9BB20B80002BE1
:1097200002D15F4B012119705E490B88002B08D0D4
:109730000B88013B9BB20B80002B02D101215A4BBD
:1097400019705A4B1B78002B00D177E0022A73D88E
:10975000002A73D1564A1388002B6FD01388013B1F
:109760009BB21380002B69D10122524B1A7065E025
:1097700014230370504B197060E70F230B70012105
:109780004E4B197062E72F230B7001214C4B19705F
:1097900064E764230B7001214A4B197066E7EB21E3
:1097A00049008B4200D06FE7D639474BFF396AE753
:1097B00032230B700121454B45481970454B1970F8
:1097C000454B19700388142B07D90388013B9BB2C2
:1097D0000380142B01D1414B197041490B88002B98
:1097E00003D00B88013B9BB20B803E490B88002BBA
:1097F00008D00B88013B9BB20B80002B02D10121CA
:10980000394B197039490B78002B00D164E70B787C
:10981000013BDBB25FE7052A00D085E734490B88BE
:10982000002B00D180E70B88013B9BB20B80002B03
:1098300000D079E72F4B75E7042A8BD12E4A137895
:10984000002B03D01378013BDBB2137010BDC04670
:109850008019002053000020361900207C190020B8
:109860005200002051000020500000204E00002037
:10987000781900203E000020581A00207A19002094
:1098800026190020251900204C0000203319002043
:10989000351900203419002008170020400000204E
:1098A000851900206819002032190020A421002009
:1098B000A6210020311900207B19002079190020F1
:1098C0007D190020751900207719002074190020D7
:1098D0006E190020761900207E1900206C190020D6
:1098E0006A190020721900207019002084190020C4
:1098F0000A1700208619002030190020F0B587B023
:1099000002AD1022002128000DF0BCFEA02008228C
:1099100029000002FAF7F0FE0F232A781340042BE7
:1099200000D90023D5490B7013092F2A00D9002331
:10993000D34A13706B785A1E082A00D90123D14CE0
:109940006374AB785A1FD2B2AE2A00D90B23A3742A
:10995000EB785A1E092A00D900232200CE32137058
:109960002B79013B5A425341E3746B799B07DB0F20
:10997000A375EB79082B00D904232200363213702B
:1099800029000822C048FAF7B7FE0F232A781340AF
:109990000A2B00DD0A232100DBB21209CA310B7049
:1099A0009A429B411A402300C9331A706A78131CEB
:1099B000032A00D90323E375EB78052B00D9042390
:1099C000A3766B793D2B00D90C23E376AB7901228A
:1099D0001900114021765808AC4910400870210048
:1099E0009B0813406376EB7906321A402C310A70DB
:1099F0002200DB082D32137069460422A448FAF7CE
:109A00007BFE6B461B8801AE23806B465B8804227D
:109A1000A0483100A380FAF76FFE0322F078237C80
:109A20004007800F934303433788237403F054FEA9
:109A3000874200D26DE1207C37888007800F03F0D9
:109A400053FE874200D964E130886081B3782822D0
:109A50002373F3789049DB07DB0F90486373FAF7C1
:109A60004BFE03F055FF082229008D48FAF744FE0B
:109A70002A7853080B2A00D901232200C832137018
:109A80006B78052B00D90223220032321370AB7899
:109A9000052B00D90023220033321370EB78052BFD
:109AA00000D900232200343213702B79052B00D902
:109AB00000232200353213706B79682B00D90E23F6
:109AC0002377AB79282B00D9002322002E32137084
:109AD000EB79022B00D9012322002F327148137039
:109AE00029000822FAF708FE01226F48A95C0B0042
:109AF0004033DBB2802B00D881540132082AF5D1E3
:109B000029006A48FAF7F8FD6B78062B00D9002384
:109B1000220030321370AB780A2B00D900232200C8
:109B200031321370EB78012B00D90023E3712B79CC
:109B3000042B00D900232200CB321370002308220B
:109B400029005B48A375FAF7D7FD7F232A781340D5
:109B5000591E322900D9012363770923D2096B44A6
:109B6000A2771A785B7829001B02134323840B2306
:109B70006B441A785B784F481B02134308226384B6
:109B8000FAF7BAFD2B78032B00D902234A4A137047
:109B9000EB791A07920F032A00D1013A474989202D
:109BA0000A70474AD906C90F1170464A9B091370BB
:109BB000FA22454952000002FAF79EFD0024FEF702
:109BC00073FF7F2507262000FEF7E2FE011E08D066
:109BD00002883E4B9A4200D0A1E006802000FEF7AA
:109BE0000DFF01343A4BA4B29C42ECD10025102267
:109BF00038493948FAF780FD02AC384B0822210079
:109C000037481D70FAF778FD0E21E2792B000A42E1
:109C100001D101331340334A1370A1790A093F2956
:109C200000D90022304802700C200022014201D1EC
:109C30000F320A402D4901200A7062792C4912091D
:109C4000150005400D702B4D5108014029709608F4
:109C5000294D06402E70294DD2082A700A25284A1F
:109C600015702479274A204010700020264A107071
:109C7000264A1370034B197507B049E03E1A0020BD
:109C8000490000205C1A002008A000003D1A0020B6
:109C900010A0000020A00000AA21002028A00000A1
:109CA000A8A00000B8A0000041000020C0A0000053
:109CB00030A1000050A10000481A0020391A0020ED
:109CC0003A1A0020471A002030170020FFFF00003A
:109CD00007040000281A002038A10000241A0020E0
:109CE00058A10000461A0020451A0020421A002000
:109CF000441A0020411A0020401A00203F1A002078
:109D00004A0000203C1A0020431A00203B1A002081
:109D1000F0BD207C8007800F03F0DEFC95E6037821
:109D20002B4003705AE7C04637B53C4D0822290046
:109D30003B48FAF7E1FC3B4C082229003A480DF079
:109D4000BFFC20000822290028300DF0B9FC2000BB
:109D50000822290030300DF0B3FC210008223348DE
:109D6000FAF7CAFC20002100082208300DF0A8FCF8
:109D700020002100082210300DF0A2FC2C4C0C22F7
:109D800021002C48FAF7B8FC2B4B22889A4203D9C1
:109D90002A4B238064336380294B2A4A63812A4CEF
:109DA00011782200294B37325B5C294813706946D1
:109DB0000822FAF7A1FC6B460021595EFA23FA2229
:109DC0009B00CB189BB2D200934200D900216B4676
:109DD00021875B881F4ADB05DB0D13806B469B8860
:109DE0001D4ADB05DB0D13806B469B793F2B00D9A9
:109DF0003A2322003A3213706A46D2790F2A00D9E8
:109E0000082220003B342370B123DB01C9183C3009
:109E1000027089B23B20F9F71FFC37BDF41900200E
:109E2000C0000100DC190020FC190020C80001005E
:109E30002417002040010100871300006C07000078
:109E4000FC080000921A00205C1A0020BC92010855
:109E500088010100DA190020D819002007B5000197
:109E600008226946FAF748FC00980EBD70B5040058
:109E70000D00002825D00026067032003100280091
:109E8000FEF72AFEB0421CD08023DB00E8180A222D
:109E900021000001FAF730FC3300E25C203A5F2A2F
:109EA00002D801330A2BF8D10022E254013B591C9D
:109EB00008D12378002B04D1200004496A1C02F049
:109EC0007FFE70BDE15C2029EFD0F2E7DE7801086B
:109ED00007B56B460522FF21D81C0DF0D3FB694660
:109EE0000E4A0F48137B8B7053890B80137C527B77
:109EF0009B075B0F07211343FF220B408A43134349
:109F00006A466946D37000230822FAF703FC00234F
:109F1000282204490448FAF7FDFB07BD5C1A00201B
:109F200020A00000AA21002028A000000122034B4D
:109F30001A70034B92181A807047C04624190020EB
:109F40002619002007B50B4A1378002B11D00023E7
:109F50001370094A117899420BD068461370074A6A
:109F600011888180928801A9C28004220448FAF7EE
:109F7000D1FB07BD25190020241900205C1A002000
:109F800010A00000092030B595B00422FF216844DC
:109F90000DF078FB0F22884B884C1B781340884AC1
:109FA0001278120113436A461370864B1B78092BF3
:109FB00000D9637C6A465370A37C93702300CE3330
:109FC0001B78D370E37C1371A37D5B005371002376
:109FD0009371230036331B78D37123002200C933D9
:109FE0001B78CA3212781B019B186A461372E37DF4
:109FF0005372A37ED372744B1B78002B00D1D9E02F
:10A00000724B1B786A465373714B627E1B789200C9
:10A010005B001343227E072113436A469373220099
:10A020002C32637F1278DB000A401343A0206A467B
:10A030006946D373000200231022FAF76BFB50220B
:10A0400069466448FAF758FB23006A46C8331B7810
:10A0500012785B0013436A461370230032331B7877
:10A0600000255370230033331B7869469370230017
:10A0700034331B785748D370230035331B78137162
:10A08000237F5371E38DD3802300CC331B7853742B
:10A090002300CD331B7815769374230030331B785F
:10A0A0005376230031331B789376E379D3762300FC
:10A0B000CB331B7813772B005022FAF72BFB6B4620
:10A0C0000322FF21581D0DF0DDFA7F22637F6946D0
:10A0D0001340A27F4048D20113436A461370238C79
:10A0E00053701B0A9370638CD3701B0A13712B007F
:10A0F0000822FAF70FFB6B460622FF21581C0DF0D1
:10A10000C1FA6A46354B69461B7813700C22344BF2
:10A110001B789B001340193A1A43CA71314A1278CE
:10A12000AA4203D11D2252421343CB716B463F22F8
:10A13000DB79694613402C4A2C481278920113436C
:10A140006A46D37100230822FAF7E4FA6946082226
:10A150002748FAF7D1FA274B274A1B7812789B0039
:10A1600013436A460F201371244B1A78244B510075
:10A170001B7822759B000B432249082209780B4368
:10A1800021490978C9000B4320491B010978014086
:10A190000B4369464B711E4B1E491B7809780340DF
:10A1A00009010B43694612488B710023FAF7B2FA92
:10A1B00015B030BDE37E25E73E1A00205C1A002072
:10A1C00049000020380000202F1900202E190020FF
:10A1D0003D1A0020A8A0000030A10000481A00206D
:10A1E000391A00203A1A0020471A002050A1000016
:10A1F00058A10000431A00203C1A0020411A0020F8
:10A20000401A0020441A00203F1A00204A00002073
:10A21000421A0020451A002010B5010000230C222C
:10A220000148FAF777FA10BD4001010030B50D0082
:10A2300085B010220021040068460DF023FA2800A2
:10A24000F8F71EFD02000A2800D90A2229006846F4
:10A250000DF036FA80232001DB01C0181022002304
:10A260006946FAF757FA05B030BD000073B505002E
:10A2700007200B0001A9161E088010D01A00182410
:10A28000323212782C33D20022405C8804401443CE
:10A290000A781830824314430C701B784B702800E6
:10A2A000FEF7ACFB8023DB009D4205D2002E03D1DC
:10A2B00028000249FFF7BAFF73BDC046757A01084E
:10A2C0007FB51E00802305001400DB00984247D1B3
:10A2D000902000026A46236869460093A3690193AF
:10A2E00063791372637B5372237B22791B011343BF
:10A2F0006A469372230031331B78621CD27F1B01A4
:10A3000013436A46D372230030331A78083B1B7814
:10A3100052019B001A4323002A331B781A4323005F
:10A320002B331B785B001A436B461A7323006A4673
:10A330000833DB7F937300231022FAF7EBF9012235
:10A3400021002800FFF792FF8023DB009D4206D208
:10A35000022E04D9210028003331FFF767FF7FBDAB
:10A360000001012EFBD9B5E773B50400A02000025F
:10A37000FAF756FA002C0AD0E02500242D0220001E
:10A38000FAF74EFA80235B01E418AC42F7D1694634
:10A3900008221348FAF7B0F900246B468026694674
:10A3A0005C71082223000E48FAF7B4F90D4DF6004F
:10A3B000310028000C4AFEF7B7FC0C4B30002A0095
:10A3C00021001E809C800223FFF77AFF0122084BA8
:10A3D0001A70084B1A70FFF7B5FD08F0F3FB73BD58
:10A3E00058A100009C1A0020EFB0A8025C1A0020BF
:10A3F000241900202519002037B5194D6946280079
:10A400000822FAF779F90722164B174C1B78280017
:10A410001340627F154DD20013436A466946D371DB
:10A4200000230822FAF776F9280069460822FAF78D
:10A4300063F97F22637F28001340A27F6946D2011F
:10A4400013436A461370238C53701B0A9370638CFA
:10A45000D3701B0A137100230822FAF75BF937BD8A
:10A4600008A00000881A00205C1A002030A100001B
:10A4700070B504000D00012906D8012A04D100217D
:10A4800010320DF0FFF870BD112220000A490DF0C6
:10A4900017F9022DF7D9023D0D34042D00DD0425F6
:10A4A00003235D43651B200002220449033C0DF099
:10A4B00007F9AC42F7D1E6E7E0840108F18401082E
:10A4C0007FB50A00010001A8FFF7D2FF1123002188
:10A4D0006F2001AAFAF7E2FB07B000BD70B5154B7B
:10A4E0001B78002B0FD000232D25134CE25C290094
:10A4F0000A2A01D03032D1B2C1540133042BF5D134
:10A500000023037170BD002904D00C49013202F010
:10A5100057FBF7E780230A49DB009A4203D0094B37
:10A520009A4203D108490DF0C3F8EBE7074901321D
:10A53000EDE7C046481B0020521B0020E3780108CD
:10A54000EB780108FFFF0000F0780108E6780108C9
:10A55000F7B5160004000D001F00F8F791FB731CFF
:10A560000093231801350193019B9C4200D1F7BD54
:10A5700021782139CBB25D2B05D8714332002800F8
:10A5800079180DF09DF8009B0134ED18ECE7000000
:10A59000F0B585B01C000AAB1B780F001500060053
:10A5A0000293F8F76DFBBD4207D9029BED1B4343B5
:10A5B0000135ED1A6D08EF19FFB2E2010134144BB9
:10A5C000E401D219E419D218E41833180192039364
:10A5D000039B9E4201D105B0F0BD3578213DEBB221
:10A5E0005D2B0DD80E235D430A4F0722E919019810
:10A5F00007350DF065F807222000E9190DF060F825
:10A60000029A019B944663440193A4180136DFE744
:10A61000FC1200208C8C0108F7B5019308AB0D00EB
:10A62000140006001F78F8F72BFBAC4207D97B1CFF
:10A630005843641B0134241A64086519EDB2019B68
:10A640003A00D901034B49193000C918099BFFF79B
:10A650007FFFF7BDFC12002013B5034C01940624C4
:10A660000094FFF7D9FF13BD7C890108F0B587B0CE
:10A6700003930CAB1B780C00160000900493002889
:10A6800000D198E0039B062B00D994E000230293AD
:10A690009A4205D14BB2002B02DA0123803C02938F
:10A6A0000098F8F7EDFA00210A004B4B0190059352
:10A6B000019B99422AD1029B002B00D087E0B44233
:10A6C00000D384E0331B9A4200D37CE001339B1A11
:10A6D0005B08E4187F2C6ED88025A64205D9351C6E
:10A6E000802E01D93D4B1D78EDB2039B3C4FD90123
:10A6F000049BCF19002B07D01319AB4200D92A1B9A
:10A70000FF2138190CF0BEFF002651E0009B5B5C76
:10A71000202B19D9213B5D2B10D8062043430598E7
:10A720001B180620070001381D5C002D08D0019879
:10A730004B1C83429B41D2195B42D2180131B7E7CF
:10A740000028EFD10700F2E70432F7E7009B995D9C
:10A75000202936D921395D2927D8062359431E4B94
:10A76000C91806231A00013BC85C00280CD0131935
:10A770000293A54212D99D4200D22A1B049B012BB1
:10A780001BD100233C1907E0002BEBD11A00EEE7A8
:10A79000C85CC043E05401339A42F9D1019B741C58
:10A7A0009C42A441029B64421C19A54203D9013674
:10A7B000019B9E42CAD107B0F0BD38190CF080FF52
:10A7C000ECE70434F1E77F2C00D888E7F3E7802535
:10A7D0007F2C00D889E7EEE77C8901082C930108DB
:10A7E000FC12002013B5034C019406240094FFF7DB
:10A7F00013FF13BD4887010870B50D001600040053
:10A80000F8F73EFA0623C1B25943691A33002A0009
:10A810002000C9B2FFF7E6FF70BDF8B50F001600C3
:10A820000500F8F72DFA0623C4B25C436108791AD3
:10A83000C9B20A1933002800D2B2FFF7D3FFF8BD1E
:10A8400010B50622014BFFF783FE10BD48870108B3
:10A85000F0B50027234CD20185B052181419029389
:10A860000190F8F70DFA25003B00C2B28035039243
:10A87000039ABA4201DC05B0F0BD019AD65D2D2ED7
:10A880002CD0002B01D1202E22D03300303B0A2BBC
:10A8900013D81421303E4E43134B0A22F6183100D0
:10A8A000A01C0CF00DFF31000A22A81C0A310CF08C
:10A8B00007FF01230D340D3508E001232E2EF9D1B9
:10A8C000602203342A706A70AA7003350137CFE71B
:10A8D000029A002AEED0063C063DEBE73A26002B12
:10A8E000D7D1D2E7FC120020B08B010830B5072584
:10A8F00001241540D208D2018018425CAC401500FA
:10A90000A543002B01D02243D5B2455430BD0000F1
:10A9100010B5044C13000A0001002000FFF7E6FF09
:10A9200010BDC046FC12002010B5044C13000A00F4
:10A9300001002000FFF7DAFF10BDC0467C160020A2
:10A94000F0B587B005930CAB1B7805000C000192A5
:10A950000293802909D1F8F793F98000C0B200244E
:10A96000802802D87E34241AE4B20095009B1B781C
:10A97000002B01D107B0F0BD03220026203BDBB243
:10A980005343144A9B180493019B0633DBB2039391
:10A99000049B019D9F5D01231F4208D0059BA019C8
:10A9A0002900029AC0B2002B10D0FFF7BDFF01357D
:10A9B000039BEDB27F089D42EDD10136032EE7D116
:10A9C000009B04340133E4B20093CFE7FFF7A0FF0C
:10A9D000EDE7C04628860108F7B516001F000C00F9
:10A9E00009AA08AB1B781578F2000132D2B20093A5
:10A9F0003B00FFF7A5FFA21E0E4BD2B2002F02D1E3
:10AA00000D4BF601F3183E21985C013C41409954EE
:10AA1000E1B27F245A18A94204D33E22595D4A402C
:10AA20005A55F7BD1078013160401070C9B201323B
:10AA3000F1E7C0467C160020FC120020F0B585B07E
:10AA40001C000AAB00269E5F0BAB1B780D001700A5
:10AA5000019002938C4211D1964206DB330016001E
:10AA60001F00BE4201DD05B0F0BDF2B2029B0198AD
:10AA7000E9B20136FFF73AFF36B2F2E7FA20B61A2A
:10AA800080007043611AF7F7D9FF10490600684348
:10AA9000F7F7D4FFC3190393AC4202DB23002C0069
:10AAA0001D0027007743A542DDDBFA21380089002D
:10AAB000F7F7C4FF039BE1B2C218D2B2029B019820
:10AAC000FFF714FF0134BF19EDE7C04618FCFFFF84
:10AAD00037B5050010488022002104000CF0D2FD9B
:10AAE000802200210D480CF0CDFD08237422009334
:10AAF0000C21063B2800FFF74BFD80232278210024
:10AB0000D243803122700A78013BD243DBB20A7013
:10AB10000134002BF2D137BDFC1300207C1400203F
:10AB2000E02210B50021024892000CF0ABFD10BDF0
:10AB3000FC12002010B58022002102480CF0A2FD7A
:10AB400010BDC0467C160020F0B58BB01F0010ABC6
:10AB50001B780191029200283CD00278002A39D05B
:10AB600004220492002B01D002320492019A079031
:10AB700014009B18DBB20393079B1B78002B2BD18F
:10AB8000029B5D1E9E1DEDB2F6B23F2D1ED8019BAD
:10AB9000012B00D8A2E0981EC0B2002F00D191E096
:10ABA00000222900FFF7C0FE019B0022581E290049
:10ABB000C0B2FFF7B9FE63B2002B07DB002F00D154
:10ABC00094E0002229002000FFF7AEFE0135EDB22F
:10ABD000B542DAD10BB0F0BD049AA218D2B20592F8
:10ABE0001F2B0AD8049A079B944601330793039BB3
:10ABF000059C6344DBB20393BEE7203BDBB20693C4
:10AC0000029B002B3BD1029B029E0633DBB20893D2
:10AC10002500002F4AD0002231002800FFF784FED3
:10AC20000135059BEDB2AB42F3D10136089BF6B27C
:10AC30009E42EDD10322069B2F4D5343039C5D1989
:10AC4000A318DBB209932B78029E06930122069B80
:10AC5000134205D0002F2FD031002000FFF764FEF3
:10AC6000069B01365B080693089BF6B29E42EDD127
:10AC70000134099BE4B201359C42E4D1B2E72500DE
:10AC8000029B5E1EF6B2002F0AD00022310028007F
:10AC9000FFF74AFE0135059BEDB2AB42F3D1B2E7B7
:10ACA0003A0031002800FFF733FEF3E73A003100A5
:10ACB0002800FFF72DFEB3E7012231002000FFF747
:10ACC00027FECDE73A002900FFF722FE019B002274
:10ACD000581E2900C0B2FFF71BFE6CE7019B002B3A
:10ACE00000D168E7002F00D05EE7EFE73A002900C7
:10ACF0002000FFF70DFE69E72886010870B5094EB0
:10AD000005003478072C0CD8002C04D108220A2125
:10AD100005480CF0B7FC132D03D0631C3370024BB5
:10AD20001D5570BD481B0020521B002030B500236C
:10AD30002D25064C0648E25C29000A2A01D0303253
:10AD4000D1B2C1540133082BF5D130BD521B0020C4
:10AD5000491B002070B50025044C054B0A222D210B
:10AD600020001D600CF08EFCA57270BD2C1B002015
:10AD7000381B0020002210B5034B1A70034B1A70C9
:10AD8000FFF7E8FF10BDC0463D1B00203C1B002024
:10AD9000F7B5374D02002B780D2811D00020092B74
:10ADA00048D80E2A43D1181E44D0002031490C78CF
:10ADB00084423FD10B70591C29702F49CA540AE0B4
:10ADC000181E37D02B4A013B1178DBB22B70994209
:10ADD00001D100231370FFF7BDFF264B1C782B78A1
:10ADE0000193002C00D11C0000222E20224D234E66
:10ADF0000199D3B299421ED80A260020B446204FAA
:10AE000020493B682A19561E95421DD1002800D0C2
:10AE10003B6000230134E4B23E681B482D19019ABF
:10AE2000944219D3002B00D03E60012002E00020A4
:10AE3000092AC0D9FEBDAB5C0100092B01D8303313
:10AE4000D9B2B1540132D3E7327801204A439B187A
:10AE5000624651433200D6E72B780A21434301343E
:10AE6000F618E4B2F7F760FD01350123D7E7C046D5
:10AE70003D1B00203C1B00203E1B00202C1B002003
:10AE8000381B0020A086010010270000024B187814
:10AE9000431E9841C0B270473D1B0020014B1878FB
:10AEA0007047C0463D1B0020014B18687047C046E4
:10AEB000381B0020004870472C1B0020F7B55D4B65
:10AEC0001B78012B03D000225B4B1A70F7BD5B4B44
:10AED0001B695B0503D55A4B1B78002BF6D05649EE
:10AEE000584E0B78002B10D13200C8202B33013B79
:10AEF000DBB210800232002BF9D1534A1370534A4F
:10AF00001080534A137001330B70514A4E4F13781F
:10AF10003C78062B00D888E0F9F70CF86400305331
:10AF2000387843009A5B002A01D1C8329A532B210A
:10AF30000130F7F77FFD474B39701B78002B03D0AA
:10AF4000454B1B78002BC1D0444B1C78002CBDD145
:10AF5000434B21001C70434B05201C70F8F78AFD01
:10AF6000414D8022210028000CF08CFB80237F20A3
:10AF70003E4A1178013B0140DBB211700132002BD7
:10AF8000F7D10420F9F7F1FE3088012203005100C7
:10AF9000715A0C1C814200D9041CA0B20C1C9942AD
:10AFA00000D21C1C0132A3B22B2AF0D1274A1488EC
:10AFB000A0423DD2611E241AE4100C1BA4B21480DE
:10AFC00000220092A34202D91B1B9BB200933B7844
:10AFD00000270193009A4023312A1CD9019B2B2181
:10AFE000D819F7F711FE49008B5B00209C4201D273
:10AFF0001B1B98B2072300995843F7F795FCC2B280
:10B000004023002A07D0FF22393B1040181A78331A
:10B010008340803A134001372B706B7003352B2F20
:10B02000D8D10520F9F7A1FE50E70133137077E777
:10B030000234C3E708170020B21B002000040050B0
:10B040003B1A00205C1B00205B1B002054000020EA
:10B050005A1B00201117002010170020E91B0020A8
:10B06000B41B0020B31B00207C150020FC14002022
:10B0700070B580220021344888B00CF003FB334BBC
:10B080001B78012B37D0324B1E78002E33D1F8F7C6
:10B090004AFF304A304B1268D28D9C5624186442C5
:10B0A00024B28D2C29DC342C29DD5C2C28DD0923ED
:10B0B0005D2200938D212000083BF9F78BFDC5B27E
:10B0C0000020264B2D1862422549EDB204A81D70C0
:10B0D00001F076FD04230022882104A8FFF7BCFAC2
:10B0E0002C1C0D2D00D90D241E4DE4B2B4421AD1F2
:10B0F0000520F9F73AFE08B070BD8D24D7E7352456
:10B100002825002335225D2100952000F9F762FDF6
:10B110000423009300232A001900C0B2F9F75AFD56
:10B120001F3DC0B2CDE7104B042202930F4B03A981
:10B130000393082E00D902A9280001360CF0C0FAAA
:10B14000F6B20535D2E7C0467C150020081700206E
:10B15000E91B0020501A002042000020B51B0020EF
:10B16000F5780108BA1500203E22223E3E3E3E3EC2
:10B1700070B5174B1B78002B06D1FDF737F8002868
:10B1800003D00120FFF774FF70BD124B1A78002A1C
:10B19000FAD00021104B59560229F5D100250F4C49
:10B1A0006557082D11DC0123290019401D4208D1E3
:10B1B0009A4202D00520F8F75DFC23780133237012
:10B1C000E2E7012AF9D01900F4E71870DCE7C0467D
:10B1D000E91B0020421A0020B41B0020B31B0020F2
:10B1E0000022F0B5D04BA1B01A70FFF799FCCF4BFD
:10B1F0001B78002B0AD0CE4B1B78002B06D1CD48F4
:10B20000FFF766FCF9F7ACFD21B0F0BDCA4CE37C5A
:10B21000002B13D0C94B1B78002B0FD0082401231F
:10B2200080220021C6480094FFF7B2F90323802250
:10B230000021C4480094FFF7ABF9E3E70122C24BB9
:10B240001A70236D1F68C14B1B78934201D1636D47
:10B250001F6823881AAE04938023049ADB009A4265
:10B2600036D2BB4B1B78002B00D19FE1E379002B3A
:10B2700000D09BE1FFF75AFDB649020014A801F087
:10B280009FFC012500220223110014A8FFF7AAFA4F
:10B29000002D1DD130002188FEF7E8FD3378002B0A
:10B2A0000ED13800AC49F7F7C5FB38000D00AA49AC
:10B2B000F7F73AFB2B000200A849300001F080FCB0
:10B2C00008230022009328213000073BFFF760F994
:10B2D000FFF7DCFD0590002800D16FE1FFF7EAFDE4
:10B2E000002302221900FFF7B3FA230071331B7801
:10B2F0009B4A9C480592012B12D09B48022B0FD0F1
:10B300009A48002B0CD1236D9C463300A2CAA2C3DD
:10B3100012681A6063461B79032B01D89B00F05812
:10B320000378002B03D006222B21FFF776FA904BEF
:10B330001B78002B0BD0802204990123D20091426C
:10B3400000D20233002284218A48FFF74BFA09AB6E
:10B350001900059A1032A1CAA1C1220068321078E2
:10B360004B2180000622C058FFF757FA226CA36CCD
:10B370009A421BD03300059D1C3507CD07C323001F
:10B38000603318780321F7F755FBC9B2890070586C
:10B390000378002B0AD08023049ADB009A429B4159
:10B3A0005B42002284210233FFF71CFA220067323D
:10B3B0001078714B8000C05806227C21FFF71CFAE0
:10B3C000627C6E4906A801F0FBFB002206231100F7
:10B3D00006A8FFF707FA0122694B6B340793694B04
:10B3E00007A808932378172113409B0018580532AB
:10B3F000FFF713FA644B1B78002B2BD05B4F062B07
:10B4000002D8624A9B009F588025049BED00AB4206
:10B41000AD4180246D425E4B0235EE01F0182200F2
:10B42000002105930CF02EF9059B3619220000210E
:10B43000F0180CF027F93800F7F722FC0823C000B9
:10B44000C0B2211A4910009300222B003800C9B263
:10B45000FFF79EF84F4B04991A788023364CDB0097
:10B46000994200D3F9E0002A00D1E2E04A491AA843
:10B4700001F0A6FB00231AA81A001900FFF7B2F981
:10B480002088FDF785FA00283BD04478651EEDB290
:10B49000312D36D80D22002110A80CF0F3F80A2324
:10B4A0006B433E495A5C013AD2B2FD2A00D9CEE044
:10B4B0005A180023D05C411EC9B2FD2900D9BDE055
:10B4C000302504A94919C85401330A2BF2D1302080
:10B4D000002104AA1218D15410A85A1E8218002B59
:10B4E00004D01078013A202800D1A9E022002C498C
:10B4F00010AB0CA801F064FB00227A210CA8FFF726
:10B500007BF9124B27481B78012B05D0FCF76EFE08
:10B51000002800D176E62448002319220221009356
:10B52000FFF712FB6EE6C046B61B00201117002085
:10B5300010170020007901085C1A00205219002021
:10B540000C790108197901083F1A0020081700201A
:10B55000481B002023790108A086010029790108F1
:10B5600044770108F9780108FC780108757A010828
:10B570003B1A0020F47A0108309301083A79010857
:10B5800093800108AD7A0108491A00205800002074
:10B59000FC1200202A1B00203E79010830170020F1
:10B5A0005B7901087C790108E17D0108049B34493D
:10B5B0005A1C14A801F004FB002563E63800314949
:10B5C000F7F738FA0D0038002E49F7F7ADF92B00E0
:10B5D000802514AF02002C49380001F0F1FA049BD9
:10B5E000ED00AB42AD416B4202330393472304AA03
:10B5F0009B181800F7F744FB0623692143435B08B7
:10B60000C91A4720082304AD059AC9B2009340190E
:10B61000039BFEF7BDFF059B3800FB71F7F730FB7E
:10B620002821C0004008091A059B3800039AC9B2B6
:10B6300059E616491AA801F0C3FA1BE7DBB246E740
:10B640003025013B04A8DBB24019C15447E7220072
:10B650000F4910A801F0B4FA48E7002A0AD00D49B2
:10B660001AA801F0ADFA00231AA81A001900FFF772
:10B67000B9F846E708491AA801F0A2FAF3E7C0466C
:10B68000997A0108A0860100317901084D790108F5
:10B69000557901086179010872790108044BFF208E
:10B6A0001A782D2A03D8034BD2009B18D8797047FB
:10B6B000E41B002004950108F0B59BB0FFF7EEFFF6
:10B6C00001250390FFF72CFABA4E3478013CBA4FAB
:10B6D00020003B78621C0CD1581E0FD3B74BC00022
:10B6E000C018022D6BD100222B001100FFF77AF851
:10B6F00004E09C42F2DBE01A9842EFDB01350134B2
:10B70000052DE4D10022AE4B19780132C9431970DE
:10B710000133302AF8D1AB4D2B78002B04D0AA4945
:10B72000AA48283A0BF0CCFF32783B78A84901327E
:10B730000AA801F045FA0623002219000AA8FEF71C
:10B740008BFF402200210AA80BF09CFFF7F730FE88
:10B75000039B302B3FD81800F7F7D0F837001301C0
:10B7600058016E0158016E0182018801ED02B50198
:10B77000BB011E021E028102E502CD011302E80197
:10B78000E801FC01460319020403FD00130219023B
:10B79000740379033D006F03F701C1037F03850341
:10B7A0003D00AE03B0031902BB0319021902CF0317
:10B7B0008A03A803A803A803A803A803A6030022DA
:10B7C000EBB21100FEF748FF98E7824B82491A68F6
:10B7D0000AA801F0F5F90AA8F7F752FA002867D08D
:10B7E0000027012439000AAB421E1D780A2D03D11F
:10B7F000BA4201D90134197001370133B842F4D18A
:10B8000000230493032C04D9072C00D90724012317
:10B81000049306252300AC4200D92B00ED1A039BAC
:10B820006D081C2B24D16D4B1D882800FCF7EEFD04
:10B83000642106002800F7F7FDF828008BB2642188
:10B840000593F7F771F882B2654866490500059BD4
:10B85000009601F0B5F9280001237F223621FEF77A
:10B86000FBFE06237F2236215F48FEF7F5FE022508
:10B87000002663190593B4421AD0049A0AACA019A1
:10B88000EBB2002A00D13EE37F223921FEF7E4FE2D
:10B89000BE420DD2A35D1F2B00D939E3BE4207D2B1
:10B8A000A35D1F2B00D835E3059B0135AB42E4D1E6
:10B8B000039B023B012B00D97CE14C4B4C481B788D
:10B8C000002B00D086E1042401273126494D22B205
:10B8D000023433003100280001970092A4B2FFF730
:10B8E000ADF83A2CF2D100240127022621B202340D
:10B8F0000B000222280001970096A4B2FFF79EF8E1
:10B90000802CF3D1002401272C2621B202340B0015
:10B910002C22280001970096A4B2FFF78FF8302C54
:10B92000F3D101262C27033421B202340B002C2240
:10B93000280001960097A4B2FFF780F8812CF3D17C
:10B940000023302237212C480096FFF7FDF8F9F745
:10B9500007FA1BB0F0BD05211E4A284B12680AA841
:10B960009A5CD307DB170B405208254901F028F9F0
:10B9700008220021174B04201B68DBB2F9F738F9C5
:10B9800029E7144B1868C0B2FCF768FB1D4B400058
:10B99000C55A64212800F7F74DF828008CB26421BD
:10B9A000F6F7C2FF184982B223000AA801F008F98D
:10B9B00011E7C046E41B0020381900200495010857
:10B9C000FC130020E51B0020D88401082D14002062
:10B9D0002F7A0108E01B00205F7F01081617002066
:10B9E000BC1B00209C7A01087C9601085819002095
:10B9F000AA7A0108FC120020AF7A0108BC92010863
:10BA0000377A0108C8910108407A0108D74B1B68B2
:10BA1000002B04D1D6490AA80BF04AFEDBE6D54A32
:10BA2000682B04DC013B5B00D25AD349D0E6693B6A
:10BA30005B00D25AD149CBE6CC4B1B68002BE9D036
:10BA4000CF4A013B5B009D5A0A212800F6F7F2FF1E
:10BA500028008CB20A21F6F767FFCA4982B2A3E731
:10BA6000C24B1968C84B8900C918D4E72B78002B42
:10BA700003D0C64B1B78002B1FD1BC4BC4491D689B
:10BA8000EB17E8185840F7F7BFF828000C00C0493A
:10BA9000F6F7D4FF23000200BE490AA801F090F88F
:10BAA00002230AA87F223921FEF79CFE0323BA480D
:10BAB0007F223921FEF796FE7CE0FFF737F9B74980
:10BAC0000200C31CE9E7A94B196807235943B44B8B
:10BAD000CAE7A64B0AA81C68B24BA200D1580BF0CB
:10BAE000E7FD002C04DD013CE0B2F8F7D9F872E67E
:10BAF000F8F7CAF86FE69D4B1C68002C8AD03C2CE6
:10BB000012DC05203C216043F7F77EF820000D0091
:10BB10000C21F6F793FF2B000200A3490AA801F0BD
:10BB20004FF83C22012125E7A04974E78F4CA0493A
:10BB300022680AA801F044F82B78002B00D14AE6CD
:10BB40002068C0B2F7F7F8FB45E6884B1968994BB7
:10BB5000890089E7854B1C68002C00D15AE70F202B
:10BB60003C216043F7F750F80B000321E2178E48A1
:10BB70000A401219010092100AA801F021F82822A7
:10BB8000D0E77A4B1968062359438B4B6CE7774B08
:10BB90001968774B890067E78023744DDB002868BC
:10BBA00098421DD108237F22009339218348063B08
:10BBB000FEF7EEFC039B202B03D00B3B022B00D99E
:10BBC00081E67F4B1B78002B00D17CE67D48012B62
:10BBD00000D17D4804237F223921FEF703FE72E65F
:10BBE000002280B21100FCF777FF2A6801000400F0
:10BBF00092B20AA8FEF772FC01237F2239210AA81B
:10BC0000FEF7F0FD002C1CD06D4B1B78002B18D1DB
:10BC1000286880B2FEF722F95D490400F6F70AFFB2
:10BC200020000D005A49F6F77FFE2B0002006749FD
:10BC30000AA800F0C5FF03237F2239210AA8FEF7D6
:10BC4000D1FD4A4B0AA8196889B2FEF70FF904AB77
:10BC50001B7E5F48002B00D00AA8022328E70022A1
:10BC6000424C1100206880B2FCF736FF22680100C8
:10BC7000060092B20AA8FEF731FC01237F22392187
:10BC80000AA8FEF7AFFD002E94D0206880B2FEF720
:10BC9000E5F82B7806004F4F002B31D1013B3B607C
:10BCA00021680AA889B2FEF7E1F804AB1B7E484878
:10BCB000002B00D00AA802237F223921FEF792FD33
:10BCC0003F4B1C78002C00D074E730003049F6F769
:10BCD000B1FE30000F002E49F6F726FE3B000200B1
:10BCE0003A490AA800F06CFF2B78002B03D0394B9F
:10BCF0001C68E443E40F7F223921E31C0AA8D9E63B
:10BD00003B68002BCCDB392102237F223248FEF72F
:10BD100069FD39680929D3DC0731C90004230022F1
:10BD20002E48C9B2CAE7114B2D491A68002A00D023
:10BD30004EE50F494CE5052420000C4B3C211D68C5
:10BD400001356843F6F760FF28000E000C21F6F776
:10BD500075FE1549020033000AA800F031FFB32236
:10BD6000210007E6014B1F491A68DFE7E01B0020AE
:10BD7000E2940108F48401084B7A0108527A010820
:10BD8000C4850108597A0108F8940108481B00206D
:10BD9000A0860100617A01080F7C01086A7A010817
:10BDA000EA940108FC930108767A0108688001088A
:10BDB0005F7F01080693010858940108EB78010899
:10BDC000E81B0020297A0108237A01082979010853
:10BDD0002F780108B81B0020BC1B0020827A0108C4
:10BDE000157A01081A7A01084B4B4C491A68332A14
:10BDF00000D110E64A49002A00D10CE6531E312B2F
:10BE000019D80A2000215843464BC01807AB455C9F
:10BE10006C1EE4B2FD2C0AD85D5401310A29F6D11A
:10BE2000002058541978814203D13F49D0E4C9B267
:10BE3000F6E73E49B9E53E49EDE5374B19683D4B1C
:10BE4000C90011E6344B19683B4BC9000CE6324B74
:10BE5000196806235943394B06E62F4B1968052309
:10BE60005943374B00E6374B2B4A1268920021E0CA
:10BE7000294B354A1E68354BD0881B883100584302
:10BE8000F6F752FD84B220006421F6F7D3FD2000BE
:10BE90008DB26421F6F748FD2B0082B22C49009642
:10BEA0000AA800F08DFE96E42A4BDDE71A4A2A4BD9
:10BEB0001268D200D158AEE52849ACE5164B0AA865
:10BEC0001968274B8900C9180BF0F2FBF8F784FFBB
:10BED00081E4114B196809235943224BC4E5224BD5
:10BEE0001B6831331B78012B01D1204BBCE7204963
:10BEF000022B00D18FE51F4BB6E7074B19680923CA
:10BF000059431D4BB0E57F223921FEF76BFCBFE49E
:10BF10000136BDE40136C1E4E01B00209E7B010830
:10BF2000527F010830170020C07B0108847A010885
:10BF30008C7A010840940108C69401088A9401088B
:10BF4000809401087094010824170020161700201F
:10BF5000907A01082894010894930108DE9401085E
:10BF6000E2940108E8930108541A0020C8930108DC
:10BF7000FC780108D4930108B493010813B5002894
:10BF800018D1104B1C8864083C212000F6F7CCFC2B
:10BF90003C23C2B25B4253431B19DBB268460A49D9
:10BFA00000F00EFE68460949FEF74AFC0122084BE4
:10BFB0001A7013BDE124074B24011B885B08E41AA7
:10BFC000A4B2E1E772190020BB7B01087F160020B4
:10BFD000601900206A190020F0B5002585B00C22F8
:10BFE000002101A80BF04EFB854C864B80222900D6
:10BFF00020001D700BF046FB834B1B78AB4200D03A
:10C00000DEE00125FCF7F2F8002811D000227F4B7A
:10C010009A56092A00DDE2E068467D4900F0D0FD2D
:10C02000E91CC9B268466118FEF70AFC1135EDB289
:10C03000784B9B7D002B29D070227E20EB1CDBB23D
:10C04000E15C1143E1542B1DDBB2E15C0143E1549F
:10C050006123691DC9B2665C1E436654A91DC9B23D
:10C06000665C1E436654E91DC9B2665C3343635483
:10C0700029002B000831C9B2665C09333043DBB2BA
:10C080006054E15C0A350A43EDB2E254624B1B781E
:10C09000002B27D00C23EA1CD2B2A15C1943A15477
:10C0A00012212A1DD2B2A05C0843A05465206A1D4B
:10C0B000D2B2A65C0643A6547926AA1DD2B2A75CCA
:10C0C0003E43A654EA1DD2B2A65C3043A0542A00D7
:10C0D0000832D2B2A05C09350143A154EDB2625DD1
:10C0E000134363554D4B464C1B78002B18D023004F
:10C0F0007F2253331A7023004121543319702100D9
:10C10000752355310B70210056310B7021005731CA
:10C110000B7023007D2158331970230059331A7096
:10C120003C4BDB7C002B18D022007C2353322100B7
:10C1300013707A22543120000A7079215530017031
:10C14000200049255630057020005730017021002D
:10C1500058310A70220059321370314B1B78002B72
:10C1600007D0304901A800F02BFD210001A8FEF7FF
:10C1700067FB2D4B1B78002B12D0012B34D12B4B9E
:10C1800064211E883000F6F755FC30008DB2642122
:10C19000F6F7CAFB2B0082B2254901A800F010FD7A
:10C1A00001A8F6F76DFD072343437F20C01AC0B2F4
:10C1B000211801A8FEF744FBF8F7DDFD05B0F0BD3E
:10C1C0001C4B28001B78012B05D0FCF70FF800282A
:10C1D00000D116E70120FFF7D1FE262512E76846B9
:10C1E000154900F0EDFC1BE7022BD9D10F4B188845
:10C1F000FCF70CF91149020001A800F0E1FCCFE7BF
:10C200007C160020601900203C1A0020B51B00207D
:10C21000C57B01085C1A00202F190020F8120020AD
:10C22000A92100208C790108391A00201617002056
:10C23000CC7B010808170020C97B0108A57A0108FA
:10C2400010B5044B1B78FF2B03D0034A9B009B586F
:10C25000984710BDE91B00207400002070B5040051
:10C26000FF2818D00C4D2B78834210D000230B4AA6
:10C2700013700B4A13700B4A13700B4A13700B4A5E
:10C2800013700B4A13700B4A1370F8F789FC0122E4
:10C29000094B2C701A7070BDE91B0020481B002050
:10C2A000E51B002058190020A4210020E81B0020D5
:10C2B000E71B0020E61B00203719002013B50A24D5
:10C2C000802200210C480BF0DDF9F8F785FDFEF720
:10C2D00027FC01237F22002108480094FEF758F92B
:10C2E00003237F22002106480094FEF751F9F8F756
:10C2F00042FDF8F735FD13BD7C160020D57B010803
:10C30000DD7B010810B586B0F8F766FDFEF708FC86
:10C310001E4B1B78012B0FD180221D491D48F8F7B9
:10C32000EBF9E0221C491D489200F8F7E5F9F8F70F
:10C3300022FDF8F715FD04E0022B04D10020F8F7E8
:10C34000B9FC06B010BD0A2400237F22190014484E
:10C350000094FEF71DF908237F2200210093114865
:10C36000043BFEF715F9104B1888FCF74FF80F4BFC
:10C3700002000F4902A800F023FC02237F220021C3
:10C38000009402A8FEF704F9D1E7C0468B1A0020FA
:10C390007C16002008100100FC120020881001000B
:10C3A000E67B0108EF7B010816170020FC7B0108E3
:10C3B000007C0108F7B5F8F7B5FDFBF7D7FD0AF0EB
:10C3C000E3F909F0CDFDF8F719F96C4B01939623C9
:10C3D000019A137000F03AFC694C2000F6F750FC0B
:10C3E0000100200000F0CAFCF7F72CFA654D664802
:10C3F0002900FBF7A5FDFDF781FAFDF795FC022169
:10C400000020FCF7CBFCFCF7F5FD0120FCF78EFECD
:10C4100000245E4B60002900C0180134FBF790FD3A
:10C42000042CF6D10020FCF72FF8FCF717F90500D3
:10C43000042804D12000FCF745F9002503E0431E41
:10C44000DBB2012BF7D90023FF2619000127504A40
:10C45000504C137018003040C000005D9C46013302
:10C46000002820D1002901D0634613704A4E336959
:10C470005B051AD48027FFF721FF0024F6F798FF09
:10C48000FF0033693B4248D100240A20F8F742FDFF
:10C49000322CF6D11322414B1A70414B1A700022F4
:10C4A000404B1A8007E03900D4E7F8F723FB132844
:10C4B000E0D1002DDED100F09BFF3B4B3B4C1B78C5
:10C4C000002B33D13A4B1B78002B2FD10520FBF7E3
:10C4D0005BFFE37E3C2B26D8F6F758FF354B012255
:10C4E0001A7023002C331B78032B3CD0042B41D033
:10C4F000012B03D123002D331B7863772E4A137849
:10C50000002BFCD0F9F748FBF9F79EFD2B4B1B786D
:10C51000002BF3D0F9F76CFEF0E7F8F7EBFA1328ED
:10C52000B2D10134B1E7F6F743FFD7E7FFF7EAFEF0
:10C53000F6F73EFF23002F331B78022B04D128008F
:10C54000FCF7C0F81E4BCAE7019B1B78002B06D0F6
:10C55000F8F7D0FA1328F7D00023019A13700120BE
:10C56000FCF7E4FDEBE7F8F703FE164B1878FFF74E
:10C5700075FEC3E706F0F0FEC0E7C04630190020A4
:10C580007496010820170020221700201817002099
:10C590003819002004950108000400501100002003
:10C5A00010000020FA120020131700205C1A00204F
:10C5B000141700205A190020361900207E19002077
:10C5C00060190020800000209A4200D288547047F1
:10C5D0007047F0B591B0049316AB10CB1A9F1B783F
:10C5E0001B9D0290039100920593002C01D1102312
:10C5F0009D4380232A00DB001A4006921D4201D091
:10C60000002C1DD06123AA0600D541230026DBB2F1
:10C610000A3B0194079318990198F6F70BFA079BC8
:10C62000CAB2D318DBB2092901D83032D3B208AA72
:10C63000B354019B189A741C934201D3202C14D13B
:10C6400002232A001A4007921D4220D1013B2B40B1
:10C65000002F08D0002B06D0059A002A02D10C32F8
:10C66000154200D0013F302207E026000190D2E7BA
:10C67000202C05D008A9625401341999A142F7D899
:10C68000002B04D03023BC4201D2202C17D1EB0662
:10C6900034D5069B002B17D1002C15D0199BA34233
:10C6A00001D0BC4210D1631E012C0CD0189A023C60
:10C6B000102A0CD0189A1C00022A1BD12DE008AABF
:10C6C000A3540134DFE71C00189B102B20D1AB06CC
:10C6D00008D47823202C08D12024009BAD0737D123
:10C6E00025002AE0202CF7D0582308AA135501343E
:10C6F000202CF1D0302308AA13550134202CEBD084
:10C70000059B002B0BD02D2308AA13550134E4E719
:10C71000189B022BECD1202CDED06223E5E76B07BF
:10C7200001D52B23F0E72B07D7D52023ECE72020DA
:10C73000049B0399029EB0470135009B1A1B5219B6
:10C74000AF42F4D80026A74200D33E1B009BF3184B
:10C7500025000193019B1819421B002D0AD1079B4C
:10C76000002B05D0009BC41A009B1819A74209D8BA
:10C7700011B0F0BD08AB013DE85C0399049B029E3B
:10C78000B047E7E70200049B20200399029DA847D9
:10C790000134E9E7F0B591B01F00169C09900A91A9
:10C7A0000892002901D1B74B09930026FBE001371D
:10C7B000252806D03200751C089B0A99099EB047AF
:10C7C0005DE10023012008253A78791C2B2A16D038
:10C7D0000BD8202A15D0232A15D011003039092969
:10C7E00030D800220A25069215E02D2A04D0302ADE
:10C7F000F3D103430F00E7E702221343FAE70422D1
:10C80000FBE72B43F6E71022F7E70700069A6A4397
:10C81000303A8A1806923978781C0A00303A092A88
:10C82000F3D900213A7807912E2A26D18021C90018
:10C830000B4379787A1C0800303809283DD8170056
:10C840000A2514E0002106912A2AEAD104CC069296
:10C850008A4204DA02221343069A524206920137B0
:10C86000DFE70700079A6A43303A8A180792397857
:10C87000781C0A00303A092AF3D93A78791C6C2AD4
:10C880002DD027D8682A32D06A2A38D039000878C3
:10C890004F1C78288ED8632834D8622800D162E1F2
:10C8A000632800D1A1E0252884D0582882D12022F5
:10C8B0001343103A0C218B4360E12A2908D104CCA0
:10C8C00002370792D2430799D21711400791D4E754
:10C8D0001700D2E77A2AD9D1802252000BE07A7869
:10C8E0006C2AF9D1C02292001343B91CCFE77A78A1
:10C8F000682A02D080221343C9E7C022F4E78022CD
:10C900009200F8E7010001226439C9B28A4011009F
:10C910005D4D29402A4219D1732800D1B6E0702814
:10C9200000D047E721221343059308230493079B74
:10C93000019103931023029308CC320000930A99CB
:10C94000089B0998FFF745FE06002CE06F2800D0F1
:10C950000BE10822AEE77828ACD093430A22642882
:10C9600000D10BE1A6E72168580601D5C9B219E14B
:10C97000180600D416E109B214E1002913D1251DCF
:10C98000D80521D50593069B02920493079B01913C
:10C990000393236800933200089B0A990998FFF7D4
:10C9A00018FE2C0006003878002800D0FFE6089B0F
:10C9B00032009E4200D35A1E0020089B0A99099C0F
:10C9C000A047300011B0F0BD2168580609D5C9B2A2
:10C9D0000593069B02920493079B03930023019304
:10C9E000EBE01806F4D589B2F2E7022219001140F3
:10C9F0000C9113422DD001230793230001CB320069
:10CA00000B930A99089B751CC0B2099EB0470C9BFA
:10CA1000002B33D02A00079E26E02020089B0A998D
:10CA2000099DA847079A0699531C07939B1B8B42A5
:10CA3000F3D30A00531E9A410023D1B29A4201D087
:10CA4000069B013BF61802230029D5D0069B013333
:10CA5000D2E73200E7E7531C0C932020089B0A9989
:10CA6000099CA0470C9A0136069BB342F3D8069A5C
:10CA7000079900238A4200D3531AED180B9C2E000D
:10CA800091E7C046D1C5000821081200220002CA61
:10CA90000C92079A0B91002A01D1012252420B9964
:10CAA0000C008A182178002901D0A24214D10B9AD7
:10CAB0001900A41A8022D20011400D91134203D014
:10CAC000079A944200D914000222190011400E91D5
:10CAD000134217D1320009E00134E3E7531C0F93EE
:10CAE0002020089B0A99099DA8470F9AA31B069925
:10CAF000D3189942F2D80023A14200D30B1B013472
:10CB0000F6181C19350008E007936B1C2A000F93D8
:10CB1000099D089B0A99A8470F9D0B9B9B1B585D7D
:10CB2000002807D00D9B002BEFD0079B079A013BF5
:10CB3000002AE9D10E9B002B13D02A0007E0531CDA
:10CB400007932020089B0A99099EB047079A631B08
:10CB500006999B188B42F2D30023A14200D30B1BF2
:10CB6000ED180C9C8BE70222A4E610226F2800D956
:10CB7000F1E693430A22692800D0F0E6590501D571
:10CB800001218B43802189001940692802D0642843
:10CB900000D0F2E6002900D005E7251DD90500D414
:10CBA000E1E621680593069B02920493079B039399
:10CBB000CB0F0193CB17C91859400091EBE6C04643
:10CBC0000EB43FB5012207AC08CC064D010000941D
:10CBD000280052420394FFF7DDFD04B030BC08BCCE
:10CBE00003B01847C9C500080CB430B585B008AC0F
:10CBF00008CC064D0A000094010028000394FFF7BA
:10CC0000C9FD05B030BC08BC02B01847C9C5000852
:10CC1000002270B5040010000B4E93B2994200D868
:10CC200070BD0825A35C1B02584003B2002B07DA35
:10CC30005B00734098B2013D002DF6D10132ECE764
:10CC4000400080B2F7E7C04621100000F0B5012592
:10CC50008022404C8FB0636BD2012B436363636BC4
:10CC600004A82B400393039BA36B00272B43A363D0
:10CC7000A36B394E2B400293029B236C2B432364FE
:10CC8000236C2B400193019B236C13432364236C7F
:10CC900013400093009BF6F78FF9C023DB00049349
:10CCA000A020022304A90593C0055B1909950693EA
:10CCB00008950797F6F72EF9336804A8AB4333605D
:10CCC000F6F71CF920230793244B04A90493244B63
:10CCD0000A00059380230993DB180C93802302211B
:10CCE0009B0120480D93069708970A970B97F6F734
:10CCF000DFF81D491D4B8A6804A81A40E023DB00B9
:10CD0000134380228B60236BD20113432363236B75
:10CD1000174A13402363174C174AE3681340E36034
:10CD2000F6F710FA96231B0204930C23200004A9A3
:10CD30000893F6F795F940236269134380226361F3
:10CD4000336892011D433560E3681343E360676015
:10CD50000FB0F0BD001002401C000240043801403A
:10CD6000EA1B00200000024000000140FFC0FFFF5E
:10CD7000FFBFFFFF00380140FFDFFFFF30B5802419
:10CD8000094A4118884208D130BD013B1568254247
:10CD900005D1002BF9D10130F4E7044BF6E7002B65
:10CDA000F9D003785360F6E70038014010270000FF
:10CDB000F7B50F001400012828D000230F262A4DB4
:10CDC0001A003240F95CAA5C4A40FA5401339C4292
:10CDD000F6D86A46254B6846042113805480FFF735
:10CDE000CDFF21003800FFF7C9FF23003340EB5C83
:10CDF0000134DB4301A8344003702B5D0421DB4385
:10CE000043701B4B4380FFF7B9FF2CE0902A2AD8D0
:10CE1000184815180AF054FC174B00221800124944
:10CE200017000F263740CE5D1F7901327E401E71FC
:10CE300001339442F4D80D4B0F2203800023C370BA
:10CE400023001340CB5C8470DB432B70631C1340C6
:10CE5000CB5C2100DB436B70DC23AB70223BEB70BF
:10CE6000083100F08BFBF7BD8F960108ABCDFFFFBB
:10CE7000DCBAFFFFF01C0020EC1C0020F0B585B0F0
:10CE8000002800D09EE0614B614D5A6880235B0012
:10CE90009B1A604A604E9BB20092604A8020944682
:10CEA000FF2440002A889A4200D19DE08021490059
:10CEB0002A889A4200D1A5E0B75CAB2F00D18FE061
:10CEC000013989B2614500D086E0991A9A4202D3AD
:10CED000591CFF31891A89B2072900D884E0013230
:10CEE0002240B75CCD2F00D181E0013880B22A808A
:10CEF0006045D7D1FF202A88019202320240541C9B
:10CF00000440375DB45C3F023C4327B20297802760
:10CF1000039408347F00BC4265D8029C07348C42DD
:10CF200062DA029902328C1C0240A4180440315D7E
:10CF3000DC2958D1611C0140715CBA2953D193B2EC
:10CF4000B118A24257D9FF1ABFB23A0000980AF0AE
:10CF5000B7FB22003100009BD8190AF0B1FB023464
:10CF6000019BE7B2E4B2F018A34247D980225200F5
:10CF70000021D21A0AF086FB3A00002130000AF0A4
:10CF800081FB039B2C80991C0F24002324481A004A
:10CF9000009D2240ED5C825C6A40009DEA540133B2
:10CFA0008B42F4D3029A0299AB185B786C5C1B023B
:10CFB000280003991C43FFF72BFE001B43425841F6
:10CFC000C0B212E001280FD1164B174A1B68174D4B
:10CFD000174E9BB2009260E7013222402A8067E739
:10CFE000002900D071E72B80002005B0F0BD00289B
:10CFF00000D07FE7F7E70098A21AAEE7019B002177
:10D00000FA1ABCE70029EED0EEE7C0461C00024049
:10D010008C1E0020901E0020EA1B0020FFFF000055
:10D020008F960108941F0020881D0020841D002079
:10D03000981F0020F0B50500B7B0002804D0BD4C03
:10D04000012802D037B0F0BDBB4CE5232088DB00BF
:10D050009842F7D8083B984233D2B84B98424ED00A
:10D060003ED8B74B9842EDD16368B64A002D00D048
:10D07000B54A1360B54AB64B12781A700C22B54BFC
:10D080001A70F6F783F9B44BB44914A813930AF055
:10D090000FFB5821B24B02AA1B7852181370B14BE8
:10D0A00002AA1B78013152181370AF4B1A681992FB
:10D0B0005A681A929A68DB681B9228221C9313A95B
:10D0C0005AE0AA4BC0180828BCD8F5F70DFCB300ED
:10D0D000BBFFD700BBFFF500BBFF1601BBFF6F0115
:10D0E000A34B98424CD0A34B9842ABD1BFF34F8F88
:10D0F000A14BA24ADA60BFF34F8FC046FDE7914BC8
:10D10000002D00D0904B1B68E2689A429AD10C2205
:10D11000904B00211A708D4A8D4B127815A81A7009
:10D1200084220AF0AFFA964B13AE3380227A6068FD
:10D13000931D73808A4B70601B783272002B03D072
:10D14000904B1B78002B14D180218F4B8900C31882
:10D150008B4203D2A023DB01C01805E080218B4B5A
:10D160004901C3188B42F5D34E2102ABC918F7F71A
:10D17000C3FA3100227A0A322800FFF719FE61E76C
:10D18000704B002D00D0704B1B68E2689A4200D0B3
:10D1900058E70C2248216F4B1A706C4A6C4B12787E
:10D1A0001A707B4B02AA13936368521813806C4B5E
:10D1B0001B78002B0DD12700002610370196237A0B
:10D1C000DB089E420BD3019B002B06D0FCF796FB9D
:10D1D00003E06C4B1B78002BEDD006226FE76368F1
:10D1E000F000C0186B4BC3180F2B12D8654B1B787F
:10D1F000002B1CD08022644B9200C318934202D2B1
:10D20000A023DB01C018002308223900F7F782FAB7
:10D210000AE0614BC318072BECD8524B1B78002B4C
:10D22000F1D0637A002BEED101360837C7E701232E
:10D230000193E8E76388002B00D103E70C22454BFC
:10D2400000211A702479343203A80AF01BFA03A9CA
:10D25000200008F095FC4822504B03A9139302AB21
:10D260009B181C70013202AB9B1818704A2002AB4D
:10D27000093AC0180AF024FA462220E76388052BF1
:10D2800000D8DFE60C22334B1A702389E2881B0496
:10D29000134326792B4A002D00D02B4A1268082010
:10D2A000934202D1300008F075FC3D4B48221393A5
:10D2B00002AB9B181E7036E062880B2A00D8C1E6CC
:10D2C0000C21244B19702679E1681E4B002D00D0EB
:10D2D0001D4B1B68082099420DD163890C3A043814
:10D2E000934208D822002189E088090401431032C2
:10D2F000300008F06FFC2B4BD8E76388002B00D17F
:10D30000A0E60C220021134B1A70247903AA2000F6
:10D31000039108F0A2FB4C22234B1393039B14931D
:10D3200002AB9B181C70013202AB9B181870433A79
:10D33000C5E6C046881D0020901E00201B05000089
:10D3400014050000901F0020881E0020D8920108BC
:10D35000A8210020841900201505240085960108C5
:10D36000241A002061190020141A0020E0F8FFFFA1
:10D370001D050000DD05000000ED00E00400FA05D9
:10D380001C0500003A0000200050FFFF0040FFFF96
:10D390001E050200D0F0FFFF68F1FFFF21074200E9
:10D3A0002307020025070200270706006388052BD4
:10D3B00000D847E60C220A4B1A702389E2881B0426
:10D3C00013432679074A002D00D0074A1268082027
:10D3D000934202D1300008F0FDFD044B66E7C046E1
:10D3E00084190020901F0020881E002029070200B9
:10D3F000012230B5184B87B0196C11431964196CB0
:10D40000114002910299596B11435963596B0A40BB
:10D4100080210192019ADA6B09040A43DA63DB6B1B
:10D420000E4A0B400093009B03AB190031CA31C177
:10D4300003980499059A00F067F8C720C021084AAC
:10D440008000135809061B021B0A0B43135080234C
:10D450001B06136007B030BD001002406C77010856
:10D4600000E100E0F0B5174B85B00C1E03930DD022
:10D47000154B1A680292002A08D09F68039A3B68ED
:10D480000192114A5268002C07D13B608022039917
:10D49000022009F09FFE05B0F0BD1E00D31AB24273
:10D4A000FBD025009C4200D91D00029B2A00981940
:10D4B00001990AF005F9019B641B5B19019373192B
:10D4C000DFE7C046F4200020E82000200B003F22C8
:10D4D00010B51140134206D1002B04D00A00812060
:10D4E00009F0F2FD10BD0022014B1A70FAE7C046A8
:10D4F000E420002010B580220220024909F06AFED3
:10D5000010BDC046F420002030B585B00392104A0B
:10D5100002911100019001AB31CB31C1936800221F
:10D520000C481A6009F066FC0B4809F0F3FF09F09B
:10D5300069FC0A4809F0EEFF09F064FC084809F0AC
:10D5400079FC084809F076FC09F08AFC05B030BD8A
:10D55000E82000209F960108C02000209C20002089
:10D560008C00002084000020034B002902D00122FF
:10D570001A7070471970FCE7982000200A0010B557
:10D58000002903D00100812009F09EFD10BD13B5D4
:10D590000400F7F7AFF98020F7F728FA01206400BC
:10D5A0002043C0B201ACF7F721FA02212000F7F7BF
:10D5B00071FAF7F7B7F9208840BA80B216BD37B5CF
:10D5C0006B4604009D1DD980F7F794F98020F7F78A
:10D5D0000DFA6000C0B2F7F709FA2B8802215BBA96
:10D5E00028002B80F7F775FAF7F79CF937BD000094
:10D5F00010B502200149FFF7E2FF10BD4102000013
:10D6000070B50A000326114B32405200D45A0D0067
:10D61000041B0520FFF7BBFFC023AD0198433F3338
:10D620001D4081B22943A4B20520FFF7C8FF2100A5
:10D630003000FFF7C4FF0A20F7F76CFC80210902D5
:10D6400030002143FFF7BBFF70BDC046469701087D
:10D65000F8B505000E0000282AD0184F3C78002CA1
:10D6600021D1174A6300E0B2D15A0134FFF7A7FF76
:10D67000222CF6D1FA20F7F74DFC19201149FFF7BB
:10D680009EFF19201049FFF79AFF3C20F7F742FC54
:10D6900001233B7005200D49FFF791FF3100280061
:10D6A000FFF7AEFFF8BD02200949FFF788FFF1E759
:10D6B00002200849FFF783FFF4E7C04678210020E5
:10D6C0004E9701083CA80000BCA800001F0A0000FB
:10D6D00001020000410200000322024B1040400002
:10D6E000185A7047469701080322024B1040400029
:10D6F000185A70473E97010870B505000020FFF7E3
:10D70000EBFF04000020FFF7EFFF0C4AD3895B1901
:10D710009BB29C420FD8984200D31C0000212000ED
:10D72000D4815481FFF76CFF0122054B1A70054B21
:10D7300092181A7070BD0400F0E7C0465C1A002011
:10D74000491900208000002073B5040000251E4BFD
:10D7500001AEE81802223100F6F7CEFF3388A3426B
:10D7600005D01A4B11359D42F1D1002076BD184CE1
:10D77000184B0F22E8182100F6F7BEFF20252200E3
:10D7800000231178481EC0B2FD2808D820395E2930
:10D7900000D915700133DBB201320F2BF1D1002219
:10D7A000E2545A1EA218002B03D01178013A202906
:10D7B00006D00022E25423789342D6D02000D5E749
:10D7C000013BDBB2EFE7C046F48A000052030000E1
:10D7D00079210020F68A0000F0B5002085B0FFF71F
:10D7E0007BFF06000020FFF77FFF02AF082202A99F
:10D7F00005001E48F6F780FF390000221C4B0193FC
:10D8000048780B78000203439E4201D89D4200D223
:10D8100000230198023183520232082AF0D10424F5
:10D82000144802A9F6F768FF019A79783B78090253
:10D830000B439E4201D89D4200D20023013CE4B23A
:10D84000138102370232002CEFD108220A4802A9C4
:10D85000F6F752FF02AB1B889E4201D89D4200D2D0
:10D860002300019A138205B0F0BDC04670A00000ED
:10D870008A21002078A0000080A0000013B50400D9
:10D88000032814D8082269461D48F6F735FF6A4672
:10D890001C4B6400E35A6946135522001B0A6A4474
:10D8A0005370002308221648F6F734FF13BD0728EB
:10D8B00015D8082269461448F6F71EFF114B62007E
:10D8C000D35A6A46043CE4B26400135522001B0A92
:10D8D0006A4453706946002308220B48E4E708288D
:10D8E000E4D1020069460948F6F706FF6A46054B8F
:10D8F00069461B8A0548138000232200D4E7C046EE
:10D9000070A000008A21002078A0000080A0000004
:10D910000020024B5A895873DA8170475C1A002044
:10D92000F7B5040007200D00FFF731FE03099BB295
:10D9300001930F231C4E1D4F184002280BD90A20BB
:10D94000FFF725FE8022030052011040134202D14E
:10D95000DBB2092B05D801204042019B34803B807B
:10D96000FEBDDD22019B1201193BFF3B9BB293429E
:10D97000F1D3AC4214D93388E31A012B04D13B888C
:10D980001A05E8D4132BE6D9338800201B1B012B82
:10D99000E3D13B881A05DED5054898428041DCE793
:10D9A000AC42DAD1F0E7C046762100207421002095
:10D9B000EB0F0000F0B585B003900020FFF78CFE60
:10D9C00005000020FFF790FE214E8022F3895200CF
:10D9D0000193A023DB059A621E4B070002930023EC
:10D9E000029A019C1370039BE418A4B2A5421FD8AD
:10D9F000A7421FD300212000FFF702FE6420F7F7A3
:10DA000089FA29002000FFF78BFF002814D101229A
:10DA1000114BF4811A70114B92181A70A023748163
:10DA2000DB05FE329A610123029A137005B0F0BD46
:10DA30003C00DFE72C00DDE7019B9C42D3D10021B5
:10DA4000F089FFF7DDFDA0238022DB055200E9E726
:10DA50005C1A002065190020491900208000002070
:10DA600010B50220FEF7FAFB10BD000070B50C00E7
:10DA70005300E3181100DBB2002A11D0002C0FD0A4
:10DA8000421ED2B2082A0BD83C483D4BC0895100F7
:10DA9000C8521000FFF7F2FE02223A4B1A7070BD16
:10DAA000002B62D1451EEDB2082D51D8344A6D00CD
:10DAB000A85A0028F3D0314A1900D0815081FFF7CD
:10DAC0009FFD0122304B1A70E6E7304B01201B7896
:10DAD000002B06D02E4B1B78002B0BD0FFF70CFE33
:10DAE000DDE74042F6E7294B01201B78002BF1D0FF
:10DAF0000238EFE7FFF75EFFD1E7264A032B02D09B
:10DB0000002BCCD1224A012311784B401370C3E77C
:10DB1000F7F72EFBC3E701231F4A11784B40137020
:10DB2000BDE72000F8F71EFDB9E72000F8F75CFD1F
:10DB3000B5E70123194A11784B40137002D0F6F76C
:10DB400017F9ACE7F6F74AF80A20F7F7E3F9A6E782
:10DB50001028A4D8F4F7B4FEEDA3A3A3A3A3A3A312
:10DB6000A3A3DFB9C7DCD6E5E9000E38022800D947
:10DB700095E7F4F7A5FEC2D6DA00C0465C1A00208D
:10DB80008A2100208000002049190020431A00202B
:10DB90009E2100209D210020940000209C21002037
:10DBA00010B500240F4B1C700F4B1C700F4B1C80CA
:10DBB0000F4B1C700F4B1C70FFF71AFD0E4B1B68B0
:10DBC0001868F6F749F8A0238022DB0552009A6115
:10DBD0000A4BFF3A1A700A4B1A700A4B1C70FCF77A
:10DBE0000BFC10BDA9210020A4210020A0210020B1
:10DBF0009D2100209E210020501A00206519002040
:10DC000060190020881A00200122F8B50025204B59
:10DC1000204C1A70204B02321D70204B28001D80B2
:10DC20001F4B65731D701F4B1D701F4B1D701F4BCD
:10DC30001D70237C93432374FFF74EFD06000700FD
:10DC40002800FFF751FDE389B34201D3834206D98F
:10DC50006389B34202D3834200D81F00E7810021C9
:10DC6000E089FFF7F5FC1248F5F7F6FFFFF7B4FD82
:10DC7000A0238022DB0552009A610E4BFF3A1A70F6
:10DC80000D4B2C341A7003232370FCF7B5FBF8BD41
:10DC9000A92100205C1A0020A4210020A02100203E
:10DCA000A3210020A22100209E2100209D210020F0
:10DCB00080789D006519002060190020E022F0B5F1
:10DCC000564C8BB000219200200009F0DBFC1022A2
:10DCD000002106A809F0D6FC514D0A21EF89380031
:10DCE000F4F7A8FE38008EB20A21F4F71DFE3300C7
:10DCF00082B24C4906A8FEF763FF08230093002375
:10DD00007F22190006A8FCF743FC474B197800292D
:10DD100023D000231A0019004448FCF763FD444B4C
:10DD200044481A78002A01D0002243487E21FCF79B
:10DD300063FDE889FFF708FD404B1D78002D10D0EA
:10DD4000002806D008237F2200930021043BFCF723
:10DD50001FFCF7F705F80BB0F0BD0B000A003848C0
:10DD6000DBE7384A6B00D65A6F1C002E4FD00A21D1
:10DD70003000F4F75FFE30008BB20A210393F4F712
:10DD8000D3FD314982B2039B04A8FEF719FF2F4A45
:10DD90002F4B515D5B5D002204A8FCF723FD3D0085
:10DDA000092FDED19422AA235200A3542C32A3546B
:10DDB0005432A3542C32A3545432A3542C32A354BF
:10DDC0005432A3542C32A3545432A3542C32A354AF
:10DDD000192208241F4B18001978FF3021431970AD
:10DDE000417803322143417003333A2AF3D10824A6
:10DDF000194B0B3218001978FF3021431970417804
:10DE00000332214341700333662AF3D1A1E73A007C
:10DE1000124904A8FEF7D4FEB9E7C046FC12002060
:10DE20005C1A0020097C01089C210020137C010859
:10DE30009E2100201A7C0108177C01089400002014
:10DE4000E17D01088A2100201D7C01089B970108C3
:10DE50009297010895140020C1140020247C010829
:10DE60008020064A064B11788001002904D0986270
:10DE700001234B40137070479861F9E7D2210020CD
:10DE800000080050044A054B127878321A72044A8E
:10DE900012785A727047C046950000205C1A002024
:10DEA0009600002030B50A4B0A4A1D7800239D4297
:10DEB00001D1002030BD1468211A00D5011B0432A5
:10DEC000642902DD0133DBB2F1E70120F2E7C0464D
:10DED000982300209C230020074B1B78002B09D09F
:10DEE000064B00201B68064A9B18064A9A4240418E
:10DEF000C0B27047044BF4E7202400202C240020FB
:10DF000080345BFF20402C00282400200023094996
:10DF1000CA88002A06D00A68821A6432C82A01D840
:10DF20001800704701330831062BF1D1012040421F
:10DF3000F7E7C0460022002070B50020F6F7EEF9A2
:10DF4000364C0325207843425841354B4042184017
:10DF5000344BC018F5F780FEF5F740FE7E20F5F74C
:10DF600087FA0100304B7E201940B0231B02194371
:10DF7000F5F772FB10202D49F5F76EFB11202B49A8
:10DF8000F5F76AFB12202949F5F766FB13202749AC
:10DF9000F5F762FB01210020F5F76CFD244B1B789F
:10DFA000002B06D0DA1F012A2DD9063B5A425341D5
:10DFB000DDB22049AB0319433220F5F74DFB0A20AF
:10DFC000F6F7A8FF0D20F5F753FA0023040002042A
:10DFD00009D40E20F5F74CFA174A2404174B1440C5
:10DFE00004431C600123164A012013700022154BC4
:10DFF0001A80F6F793F9032D0AD08223012D00D160
:10E00000E6235B0006E02278002ACED10325D0E784
:10E01000E123DB000C4A138070BDC0463024002091
:10E02000803C36FE005A6202FF8F0000FF030000B2
:10E0300096000020450200000000FF07F4210020A8
:10E04000F0210020EE2100204022002010B50A4BD4
:10E0500005201A78012A06D0084B032A01D0002A8D
:10E0600007D1CA331878F5F767F90022044B1A6014
:10E0700010BDC933F6E7C046E82100205C1A002035
:10E08000E4210020F0B5050085B00E00100009491C
:10E090001400F4F749FC074903902000F4F7CAFC88
:10E0A000054F00913A0031002800039BFEF79CFDCC
:10E0B00005B0F0BDA0860100297C0108F0B5114F24
:10E0C00085B0002800DA104FC317C41849085C4017
:10E0D000A039029120000A21F4F726FC0A21F4F766
:10E0E000A9FC200001916421F4F71EFC074E084DA5
:10E0F00000903B00320014212800FEF775FD05B0AA
:10E10000F0BDC046877B010830780108317C0108EA
:10E110004822002010B50024104B20001C70F5F799
:10E120003BFDA0238022DB0552009A620C4B0D4977
:10E130001C800D4B1878C31F012B06D801230A78C9
:10E1400053400B70FFF7F8FE10BD14224243074BFB
:10E15000D258074B93429B415B42F2E7651900207E
:10E16000422200203024002096000020BC970108A5
:10E17000FF3EAB010E4B1B78002B0DD00D490A78EA
:10E18000002A0AD1012800D103000B700A49013B83
:10E190009B000A4A5B5813607047101840B2002871
:10E1A00000DC58B2984200DD0120C3B2EDE7C04662
:10E1B0007622002075220020D82200202C24002066
:10E1C00070B50400FFF76EFE002808D1084A094D1B
:10E1D00013781F2B04D8591C9B001170EC5070BD94
:10E1E0007C222800044909F03BFAEC67F7E7C046B7
:10E1F000982300209C230020A023002010B5002499
:10E20000074B20001C70F5F7C7FCA0238022DB051C
:10E210005200210020009A62F5F72CFC10BDC04688
:10E220006519002010B5FFF7E9FF0023094A1370B4
:10E23000094A1370094A1380094A1370094A138066
:10E24000094A1380094A1380094A1380094A137046
:10E2500010BDC04648220020202400201E2400209B
:10E260001C240020682200204622002038220020A2
:10E27000DA210020D821002070B58CB0FCF750FCCA
:10E280006C4B1B78032B05D10023802272216A4836
:10E29000FCF7A8FA694A6A4B117814224A43694C80
:10E2A0009B1822781B69002A00D172E0664D2978FC
:10E2B000914200D26DE0654B013A9200D25818218C
:10E2C00006A8FFF7DFFE06A8F4F7DAFC18212D7880
:10E2D00006AE2378091A5E4A30180095FEF784FCD2
:10E2E000002330001A001900FCF7B6F92378002B40
:10E2F00065D0554A12789A4261D3544A013B9B003B
:10E300009A58002A00D16DE0102102A8FFF7BAFE4A
:10E3100000230222190002A8FCF79AFA2378002BA6
:10E3200000D171E0484A12789A4200D26CE0494A22
:10E33000013B5B009B5A002B0CD05B081821464A1E
:10E34000A03B06A8FEF750FC00220423110006A8FB
:10E35000FCF782F94148017800295ED000220523AC
:10E360001100FCF779F93E4B3E4A1B7812885BB2EC
:10E37000002A5DD03C4A182106A8FEF735FC002291
:10E380000623110006A8FCF767F9F6F7E9FC0CB0C4
:10E3900070BD364A36491278002A05D1354A3649C9
:10E3A0001268002A00D03549354A009106A8182184
:10E3B000FEF71AFC002306A81A00190094E72B4B5D
:10E3C0001B78002B02D02F4B1A689AE72E4B2F4A4E
:10E3D0001B88934206D82E4B1A68002A00D093E778
:10E3E000244BF1E72B4B2C481A88002A06D02B4BE4
:10E3F0002B481B88133B934200DD27480022022351
:10E400001100FCF729F989E7184B1B78002B02D083
:10E41000244B1B888FE71F4BFBE7234B1B88002BEC
:10E42000A1D0224B186800289DD005230A0098E748
:10E430001F4AA0E7E821002068800108960000201C
:10E44000BC9701087522002076220020D8220020E7
:10E45000747C010878220020927C01084822002068
:10E460009500002064220020837C010820240020E5
:10E47000477C01086C220020537C01084E7C010877
:10E480007C7C01082C2400206622002087130000D9
:10E490007022002044220020687C010822240020F1
:10E4A0005C7C0108242400205C22002060220020E3
:10E4B0008E7C010807B50022194B80219A568900ED
:10E4C0001300A0335B00181C9BB28B4201D3154B89
:10E4D000188883B2FF2B00D9FF201349033A0B8021
:10E4E000C0B2131C783201DA104B1B888021A03394
:10E4F0005B001A1C9BB289008B4201D2FF2B00D912
:10E50000FF22111CD2B2824200D9011CFF230193C9
:10E510000093803B1A00C9B2F5F772FB07BDC046F5
:10E5200095000020A497010822240020A697010846
:10E5300010B501210020F5F79DFAF5F74FFB1420E7
:10E54000F6F7E8FCFFF7C8FC041E15D00020F5F72D
:10E550004DFA0120F5F764FAFFF7ACFFFFF7BCFCBA
:10E56000FAF7CCFEF5F7ECFC0122064B1A70A0235B
:10E57000FF32DB059A6110BD0120F5F737FA200064
:10E58000E8E7C04665190020964A70B51378002B5D
:10E5900025D001380D2818D8F4F79CF91E17171745
:10E5A00017171717171707131E1E8F4B19780029F7
:10E5B0000BD08E4C207840180138F4F725FB2170E1
:10E5C00003E0894B1978002902D10124200070BD95
:10E5D000864C20780130F0E700231370F5E7844B78
:10E5E0001C78002C3DD00A380628EED8F4F77CF9C8
:10E5F000100007000C009300EDFFEDFF10007D4CB4
:10E6000020780A300B21D8E77A4C20780130F9E7DE
:10E6100000221A70774B1B780A2B00D91300764C16
:10E620002370FFF72FFCFBF7ADFC20787349C31F65
:10E63000012B0DD801230A7853400B70FFF7F2FD30
:10E6400000226F4B1A706F4B1A60FFF763FDBCE737
:10E65000142242436C4BD2586C4B93429B415B4219
:10E66000EBE701381028B0D8F4F73EF94E00470028
:10E670005E00AFFFAFFFAFFFAFFF4B007B001700A7
:10E6800026003F0011001E00B2005E008100FFF76F
:10E69000C9FD00225E4B1A7098E701221A70564A93
:10E6A000544B12781A7090E700245A4B1C70FFF7F5
:10E6B000B9FD534B1C70C8E70023574AD3561900C5
:10E6C000143101DA02331370FFF7F4FE534B1B7859
:10E6D000002B01D0FFF72CFFFFF7D4FBFBF752FC18
:10E6E00096224F4BD2001A806FE700234A4AD35636
:10E6F0001900023B7731E6DAE6E70120FFF73AFD41
:10E7000063E701204042F9E7374B1B78002B04D028
:10E7100001231370354B0022C4E7424B424A1A6072
:10E72000C822424B9200DEE700223A4B1A703B4B64
:10E730001B78934213D03E4B1B683E4A13603E4BFE
:10E740003E4A1A80FFF76EFD00222D4B1A70354BA2
:10E750003B4A1A60C822354B92001A8075E7294B54
:10E76000EAE70022374B1A702E4B374AD7E7294C7D
:10E770002378002B23D0354A12789A421FD3344A8B
:10E78000013B9B009D58002D00D11EE72800FFF79C
:10E7900017FD244B2F4A1A60C822244B92001A807E
:10E7A0001E4B1B78002B05D0214B1B689D4201D1CD
:10E7B000FFF738FD0023124A2370137045E7174B0B
:10E7C0001B78002B02D01A4B1D68DCE70D4BFBE7D2
:10E7D0000321214A137801330B401370FFF736FCF5
:10E7E000F3E6C046DF210020E1210020DE210020E9
:10E7F000E3210020E22100209600002030240020A8
:10E800007422002070220020BC970108FF3EAB015B
:10E8100031240020752200209500002020240020B3
:10E820006422002060220020987C01085C220020E5
:10E830002C2400203C2200203A220020DC0500008D
:10E84000A07C010898230020A57C010876220020E6
:10E85000D8220020AF7C0108E8210020F0B5CB4B86
:10E86000A1B01A78002A00D003E101321A70C84B17
:10E87000C8491B780A93C84B5A7A0A2A00D80A70EA
:10E880001B7A002B00D18DE0783B1A1C133301DB7F
:10E89000C24B1A8852B20123C14D0E782A70F21F62
:10E8A0009A4207D914227243BE4BD258BE4B9342B0
:10E8B0009B415B420024BD4A21001370BC4BBD4A02
:10E8C0001C70BD4B1C70BD4B1C80BD4B1C70BD4BE8
:10E8D0001C70BD4B1C70BD4B1C70BD4B1C60BD4BF8
:10E8E0001C60BD4B1C80BD4B1A80BD4B30221C7080
:10E8F000BC4B1C80BC4B1C60BC4B1C80BC4BBD4843
:10E900001C80BD4B1C80BD4B1C80BD4B1C8008F087
:10E91000B9FEBC4B1C70BC4B1C70BC4B1C60BC4B90
:10E920001C70BC4B1C70BC4B1C80BC4B1C60BC4B9B
:10E930001C80BC4B1C80BC4B1C70BC4B1C70BC4B6B
:10E940001E70BC4B1C70BC4B1C70BC4B1C80BC4B69
:10E950001C70BC4BBC4E1C70BC4BBD4F1C70BD4BE7
:10E9600034701C80BC4B3C701C80F023E0001B0208
:10E970000822C0181AA9F5F7BFFE1A9BB74A93429E
:10E980001ED144220AAB9B18197864290DD964233F
:10E99000337045220AAB9B1864211878F4F74AF8C3
:10E9A000C9B205E04E22524275E731700029F0D11C
:10E9B000A94B01341C80802339709B009C42D4D128
:10E9C0000022A74B1A70FFF741FBF4F72DFC2B78C0
:10E9D0007833DBB2642B01D9B2232B70FFF76AFDC9
:10E9E000FFF70CFCFFF796FB00230493133305930A
:10E9F00000230293654B1B78002B0DD0F6F7C2F86D
:10EA00000500132800D1A4E0059B834233D0FFF713
:10EA1000BBFD002800D0A0E00020F5F77FFC824B72
:10EA20001B78002B1DD000210D008E4B8E4A1B68D9
:10EA30009818594A13648D4B140083424D41834208
:10EA40009B4180205B426B321370C0000223884AD6
:10EA500071342570FBF734FCFBF768FA0222854B12
:10EA60001A70FFF7CBFB844B0A9A1A700122834B72
:10EA70001A7021B0F0BD059B0B3BDBB2012B05D812
:10EA8000049B0E2B5DD801339BB20493584A118826
:10EA90000B1C132900D81423143B1380784A1188C7
:10EAA0000B1C132900D814237649143B08889BB209
:10EAB0001380021C132800D81422143A0A804E49ED
:10EAC0000888021C132800D81422143A0A805549D9
:10EAD0000888021C132800D81422143A0A80344AE9
:10EAE0001078002808D12B4A1278073A012A03D857
:10EAF0004949002B33D00880002108003D4B079383
:10EB0000DA88132A3CD9143ADA800131083306290D
:10EB1000F6D1F5F701FA3A4B304C18805A4E23885B
:10EB2000B34201D014332380F4F77EFB132D00D1C0
:10EB3000DEE04B4B1B78002B00D1A9E0FFF786FAF3
:10EB4000A8E00598FFF720FD002800D164E709231D
:10EB50009BE713230593002397E70595FBE70A88B6
:10EB60004A48143292B2824201D80A80C4E70B802C
:10EB700001230E4A11784B401370FFF7DDF9BBE714
:10EB8000002AC2D0D88018601871BEE73124002056
:10EB9000E91B0020960000205C1A0020A8970108BD
:10EBA00095000020BC970108FF3EAB0130240020F7
:10EBB00020240020881300001C2400201E24002094
:10EBC0007522002098230020762200207422002045
:10EBD000702200206C220020682200206622002083
:10EBE0004822002064220020602200205C220020B5
:10EBF0004222002000220020EA210020462200209C
:10EC00004422002031220020302200203422002023
:10EC1000332200203222002038220020FC21002054
:10EC2000FA210020F8210020EC210020E32100201F
:10EC3000E2210020DF210020DE210020DA21002057
:10EC4000D8210020D7210020E1210020D62100205A
:10EC5000E0210020D4210020DC21002043434C315E
:10EC6000E82100202C24002080345BFF20402C0071
:10EC70009C1A002050190020800000203719002025
:10EC8000402200203A220020FFFF0000B70B0000C6
:10EC9000D14A1360D14B1D78002D00D1D1E0029BE9
:10ECA00014330293952B00D87BE1FBF739FF002347
:10ECB000CB4C2178994202D0CA4B1B780133CA4A07
:10ECC00000911AA81821FDF78FFF00231AA8190038
:10ECD0001A00FBF787FD217800291ED103230A00C3
:10ECE000C248FBF7B9FCF6F73BF80023029358E162
:10ECF000B94A136814331360BD4A1178002905D14D
:10ED0000BC498B42C6D90123137017E70129C1D131
:10ED1000B8498B42BED90223F6E7B24B1B781C1CC4
:10ED2000012B00D802240126023CE4B2AC4B1B7834
:10ED3000A342D8D9B04B6421187812AD6430001BBF
:10ED4000F3F762FFFF200E2308405843AB4B0E221F
:10ED5000C0180EA9F5F7D0FC0E9A10212800FFF775
:10ED600091F9A04B1A782023A24200D11E3318211A
:10ED7000A34A00951AA8FDF737FF9A4B1B78A342C8
:10ED800040D10022330011001AA8FBF72BFD0EAB77
:10ED90009A7ADB7A012A3CD1312B47D8994A5B0019
:10EDA0009F5A0A213800F3F7BFFD0A2183B23800C9
:10EDB0000293F3F73FFE944D89B200912A00082197
:10EDC000029B0CA8FDF710FF16AD0F9A102128002A
:10EDD000FFF758F90CAB1A78002A2BD018218B4A70
:10EDE00000951AA8FDF700FF0022731C02361100DF
:10EDF000DBB21AA80134F6B2FBF72EFCE4B2072E00
:10EE000094D170E70022330011001AA8FBF724FC0C
:10EE1000BDE7022A0AD1672B08D87D4A5B009B5ABE
:10EE200008217C4A0CA8FDF7DFFECDE700220CABE1
:10EE30001A70C9E72B001821774A1AA8FDF7D4FEEB
:10EE4000D2E7764B1F78002F51D0029B14330293E8
:10EE5000952B00D8A5E0FBF763FE0B21704C714A9F
:10EE600023781AA8013300910D31FDF7BDFE2B0068
:10EE70002A0029001AA8FBF7B5FC23781E1C042BD6
:10EE800000D80526F6B2741FE4B20A2C00D92AE78E
:10EE900014256543644BED1806239B1B0293029ACD
:10EEA0002B69A7185E4AFFB21278A24213D118212B
:10EEB0005E4A1AA8FDF798FE00223B0011001AA82E
:10EEC000FBF790FCA64200D10DE70134E4B2143503
:10EED0000B2CE4D107E71821554A1AA8FDF784FE48
:10EEE00000223B0011001AA8FBF7B6FBEAE7514BE2
:10EEF0001B78002B01D000F0CAFC4F4B4F4A1B88F7
:10EF00001288134332D11AA81A93F5F72BF8002868
:10EF10002CD01A9E642132363000F3F78BFD484B1B
:10EF2000761A1B781A96002B00D1A8E0454B642175
:10EF30001D6832352800F3F77DFD6D1A731B00D56F
:10EF4000AB1B642B00DD91E000223F4B3F491A8050
:10EF50000B780133DBB20B70022B00D986E03C4901
:10EF60000B8801339BB2632B1FD80B80394A13885F
:10EF7000002B04D0384B1B68002B00D11380374C7A
:10EF800010882388002B01D000F0F0FE002801D06B
:10EF900000F0F2FE029B14330293952B01D900F08E
:10EFA000F2FE1420F5F7B6FF24E50A802C490B7811
:10EFB0000133DBB2012B03D80B70FEF7BDFFD5E7A1
:10EFC000284B0A701B78073B012BF6D80123264AF1
:10EFD00011784B401370F0E7E4210020DF2100207E
:10EFE000E1210020DE210020B77C0108C27C01085D
:10EFF000E82100202F750000E021002008E000003B
:10F00000CE7C0108C4850108D37C0108D97C0108A5
:10F01000F48401084B7A0108DD7C0108E32100201B
:10F02000E2210020E47C0108BC970108F67C01087D
:10F03000057C0108202400204222002040220020DC
:10F04000F0210020F4210020662200203022002040
:10F05000EE2100205C22002060220020642200209B
:10F060003222002096000020302400200023834A12
:10F070001370834A1380834A1370834A1370834941
:10F080000A68002A08D0B31A00D5931B642B03DD4D
:10F0900000237F4A0B6013707C4D2B680393002B79
:10F0A00027D000247B4B7A4E1C707B4B1C6033783E
:10F0B000022B0CD90398FFF783F8784B784A2C6021
:10F0C0001A60FA22774B92001A80347075E7013388
:10F0D000DBB23370012B0AD0023B5A1E9341724AB5
:10F0E0005B421340714A9B18714A13803EE7714B93
:10F0F000FAE7039B039A70492380704B1A800A68D1
:10F10000002A08D0B31A00D5931B642B03DD00231B
:10F110006B4A0B6013706B4B6B4AF318934205D923
:10F1200000225C4B1A705C4B1A6046E71422674B56
:10F130001C78674B6243D1588E4203D39B185B689F
:10F140009E420BD914226243614B9B189A68002A95
:10F15000E6D09642E4D3DB689E42E1D83000FEF769
:10F16000A1FE00280AD15B4B5B4AF318934205D9F4
:10F1700030005A49F3F75EFC002909D10022454BC3
:10F18000073C1A70444B1A60012C00D915E71DE7A3
:10F19000414D2B68F21A00D59A1B0123642A03DC27
:10F1A0003C4B1B780133DBB23A4A2E601370002BC4
:10F1B00000D102E7002430001470FEF7A7FEA04241
:10F1C0000CDB2822464B2C601A80464B1E60FEF753
:10F1D000B3FE8222444B52001A80C7E6434B200004
:10F1E000F518F5F79BF83000F4F7CAFC3000404EF4
:10F1F000F4F732FDF4F7F2FC2000AE426441012145
:10F20000F4F738FCE4B20120F4F7F0FB2000F4F747
:10F2100007FC2000FAF772F8AE428041354B1840E7
:10F22000354BC018F5F7AEFEF4F776FE0400FA2071
:10F23000C000F5F7A7FEF4F76FFE271C844200D24A
:10F24000071C2E4BBFB21B88002B5DD02C4B1B68BC
:10F25000002B59D01A9A934256D02A4B19883B005A
:10F260000C339BB299424FD328211D4B19801D4B63
:10F270001A600022084B1A60A9E7C046F02100205E
:10F28000EE21002032220020302200203C220020EB
:10F2900031220020742200207022002060220020F1
:10F2A000AF7C01085C2200201027000088130000BA
:10F2B0003A220020DC050000342200203822002001
:10F2C0003322002040A3EAFF40A8D4069600002085
:10F2D000BC970108507C7AFFD0471F0020D613004E
:10F2E000422200206C2200204022002080345BFF5C
:10F2F00020402C00C0E0FFFF204E0000F82100203D
:10F30000FC210020FA210020DE4B1A681A9B002AFB
:10F3100007D09A4205D0DC4A11883A000C328A4262
:10F3200006DBD84AD9491360D74A1780D84A1180DA
:10F330000024D84A1470D84A9B180893089AD74BCF
:10F3400093426441E4B2002F2FD13800F4F7E6FF76
:10F350001A98F4F715FC1A98F4F77EFCF4F73EFCC3
:10F3600001213800F4F786FB0120F4F73FFB200071
:10F37000F4F756FB2000F9F7C1FF089AC74B9342F8
:10F380008041C74B1840C74BC018F5F7FBFDF4F799
:10F39000C3FD0500FA20C000F5F7F4FDF4F7BCFD4D
:10F3A0002F1C854200D2071CBFB2BF4B1A883B00FE
:10F3B0001433934200DAC8E163425C410025BB4B41
:10F3C00064421C40BA4BBB4EE418BB4B06970B93F0
:10F3D00033681A9809931818F4F7D2FB2000F5F750
:10F3E000D1FDF4F799FD069B0100984201D9099DD2
:10F3F00006900998FEF762FEFEF73EFF0B9B04366F
:10F40000B342E5D1002D24D01A982818F4F7B8FBA0
:10F41000089AA24B93428041A84B1840A84BC018B1
:10F42000F5F7B0FDF4F778FD0400FA20C000F5F719
:10F43000A9FDF4F771FD231C844200D2031C069938
:10F440009AB28A4201D26B461B8B9FB21A9B5B1900
:10F450001A939C4B390028001F80FEF72FFEFEF701
:10F460000BFF914B1B88BB4251D98B4A1A9B00253D
:10F470009B180693069A894B904C9342B6418B4B4E
:10F480001E408B4BF6181A982018F4F779FB3000C1
:10F49000F5F778FDF4F740FD0100874201D207003F
:10F4A00025002000FEF70AFEFEF7E6FE864B32340A
:10F4B0009C42E8D1002D22D01A982818F4F760FB5E
:10F4C000069A764B934280417C4B18407C4BC01887
:10F4D000F5F758FDF4F720FD0400FA20C000F5F719
:10F4E00051FDF4F719FD231C844200D2031C9AB28B
:10F4F000BA4200D23B1C9FB21A9B5B191A93714B04
:10F50000390028001F80FEF7D9FDFEF7B5FE624ADC
:10F510001A9B01209B18614A0893934200D802303D
:10F520000121F4F70FFB1A98F4F72AFB089A5B4BBA
:10F530005E4C9342B641654B3440E4182000F5F729
:10F5400021FDF4F7E9FC00230600614D09900693C4
:10F550001A982818F4F714FB2000F5F713FDF4F7B8
:10F56000DBFC0100B04201D9060006952800FEF739
:10F57000A5FDFEF781FE9B2314359B009D42E7D13C
:10F58000069B002B27D0099C0134B44223DA1A9839
:10F590001818F4F7F5FA089A404B93428041474B0C
:10F5A00018404C4BC018F5F7EDFCF4F7B5FC04001F
:10F5B000FA20C000F5F7E6FCF4F7AEFC231C844209
:10F5C00000D2031C9AB2B24200D2331C069A9FB2F8
:10F5D0001A9B9B181A93314B089A01219342804140
:10F5E0004042F4F7AFFA1A98F4F7CAFAFA20000189
:10F5F000F5F7C8FC334D390006982F80FEF75EFD05
:10F60000FEF73AFE284B1B88BB4200D99DE01A9CAE
:10F610002000FEF77BFC052806D82F4BC0000822EF
:10F620000021C01808F02EF800230121154A1360AC
:10F63000154A1380164A1380284A1460284A146019
:10F64000284A1360134A1370274A1170274A1380FF
:10F65000274A1370274A1380274A1370274A1380BA
:10F66000274A1370274A1370274A1178032902D0BA
:10F670001370FEF7EBFC254B298818780023244AE9
:10F6800048E0C046FC210020FA210020DC050000F3
:10F69000F82100204822002080345BFF20402C000D
:10F6A000C0E0FFFF204E00002224002018FCFFFFD6
:10F6B00088130000AC970108BC97010830F8FFFFE1
:10F6C00028230000242400200208000070170000F6
:10F6D000A8FDFFFF10270000002200202C2400209E
:10F6E000282400206C220020202400201E2400203A
:10F6F0001C240020DA210020D821002066220020CE
:10F70000D7210020D6210020E821002076220020E9
:10F71000D8220020834276D1D54A302B01D0013344
:10F7200013701378D34A013BDBB2D34D9800801895
:10F730005A0052190438023A002B73D00568013B75
:10F7400045601588DBB25580F4E72822CB4B1A9D23
:10F750001A800022CA4B28001D60CA4B1A60FEF7AF
:10F76000D5FB041E29DBC84BC2009B181A79013255
:10F770001A71C54EE300F6183379022B36D92800EA
:10F78000FEF71EFDC14BC24A1A60FA22C14B92001D
:10F790001A80052C04DC08220021300007F072FFDB
:10F7A000BD4A1A9B1168994200D010E500231360EE
:10F7B000BA4A1380BA4A138009E5079BDB88002BFD
:10F7C00009D1039CB04BE200D5509B1801221A715D
:10F7D000B44ADA80CDE7039B01330393079B0833D8
:10F7E0000793039B062BE8D10024EBE7022BD7D12C
:10F7F000AD4B1B78073B012BD2D80123AB4A1178C4
:10F800004B401370CCE70432151F2D68AC423BD13E
:10F81000984A994D980080185A0052190438023AB3
:10F82000002B2AD100258026924BF6001C60924BBB
:10F83000220019809E4B31001D709E4B9E48E71898
:10F84000F9F772FA29009D489D4AB84269419D4BDB
:10F8500016801970B8429B4111009680D571012223
:10F860005B426B310B70984B1A70FEF761FE974B41
:10F870001D80974B1D80FFF779FB0568013B4560B4
:10F880001588DBB25580C9E70133DBB242E7F4F7F4
:10F8900043FB904A904B0500188013881433138063
:10F8A0008E4A1388002B00D1BAE0132B00D8B5E0A4
:10F8B000143B13808A4B8B491B8885480C2B05D938
:10F8C0001A000C3A92B2954200D237E10023864AE0
:10F8D0000B708649038013800B78002B70D184480D
:10F8E0000288143292B202808248824268D9012290
:10F8F0000A707949804A0C888049126808788049E2
:10F90000804D09781A922E68B24200D24EE16E689C
:10F91000B24200D94AE17B4D1B01EB181D7B1AAEA8
:10F920009B683573012D00D03EE1D21800231AAD3B
:10F930006B73754B2C811C78744EA872E9726A60E7
:10F94000002C00D03BE1E020012200021A70F4F705
:10F9500067FF0E22347054436D4B2900E0180023DA
:10F96000F4F7D8FE6B4B16AD1693674B6A4C1B78B9
:10F9700022882B71337800266B718023EE809B00E8
:10F980009A4204D3F0200002F4F74AFF2680F023C5
:10F9900020885B01C018082200232900C000F4F76A
:10F9A000B9FE00222388013323805C4B1A705C4B24
:10F9B0001A70364B5B4A1A60C822364B92001A8086
:10F9C000594B1B78002B01D1FFF7D0FA414B574A16
:10F9D0001B88934207D8FA223D4BD2001B889342E2
:10F9E00001D2FFF7C3FA444E514D30682B68514C99
:10F9F000834200D092E123780133DBB22370032BE2
:10FA000000D990E1012B00D18BE1023B5A1E9341BA
:10FA1000244A5B421340484A9B1891E1178049E70A
:10FA2000FEF75AFA002800D044E7344F3B78002B09
:10FA300000D03FE70AAA138616A91AA81A93F4F76A
:10FA4000A9FA040001280AD10AAB188EF8F7F0FAD7
:10FA5000312800D92EE72A4B3C7018702AE702287B
:10FA600000D027E71A98F8F7B5FAFF28F3D121E775
:10FA700076220020D8220020782200204222002076
:10FA80006C22002070220020002200206022002032
:10FA9000AF7C01085C220020FC210020FA2100201C
:10FAA000F8210020102700009600002030240020BC
:10FAB0007522002080345BFF9C1A002020402C001F
:10FAC0005C1A0020CD1A0020EC210020EA21002041
:10FAD000462200201E24002024240020D4210020BF
:10FAE000222400201C24002068220020D82100208D
:10FAF000DA210020B70B00002C240020D7210020A1
:10FB0000D621002098980108E1210020E021002062
:10FB100008E0000043434C31DC210020DE210020BE
:10FB2000DF210020FA7C0108202400208713000038
:10FB30003422002033220020881300000288B242C1
:10FB400001D0143202800A78143B01320A7000217D
:10FB50008F4A9BB211808F490A8814320A80AB42C7
:10FB600039D8AF238B4C9B0022889A4200D227E7DA
:10FB7000894B1B78042B00D822E7FA22874B5200CE
:10FB80001B88934200D21BE7FEF74CFB0022844BFC
:10FB900022801A70834B1A607D4B1A80824B1A7038
:10FBA000FEF7B8FAFFF7E2F9D21ABFE601331035D3
:10FBB000052B00D0A7E600251AAB1D73B6E6632C13
:10FBC00002D8621C1A70C4E6307864210130F3F761
:10FBD0001BF8CCB2BDE6754B1A88002AC1D1FA22B7
:10FBE000734C920027681A80724BFF18F4F794F94F
:10FBF000714B01209F4200D802300121F3F7A2FF90
:10FC000020686D4CF3F7BCFFBC428041BC42A4416C
:10FC10006A4D6B4B2840C018F5F7B4F9F4F77CF93E
:10FC2000684B2C40E418684B684D099300230890FA
:10FC3000039006935E4E2B68306807931818F3F70D
:10FC40009FFF2000F5F79EF9F4F766F9039B01008A
:10FC50000433984202DD079B039006930798FEF752
:10FC60002DFAFEF709FB099B0435AB42E2D1069B56
:10FC7000002B04D0089B039A013393420EDB4E4BBA
:10FC80000121BB4280414042F3F75CFF3068F3F74B
:10FC900077FFFA200001F5F775F962E7069B3068F7
:10FCA0001818F3F76DFF444BBB428041484B184096
:10FCB000484BC018F5F766F9F4F72EF90500FA205D
:10FCC000C000F5F75FF9F4F727F92C1C854200D244
:10FCD000041C039AA3B2934201D26B469C89344D13
:10FCE000069A2B680121D3183B4A2B601360324BD4
:10FCF000BB4280414042F3F725FF2868F3F740FFFD
:10FD0000FA200001F5F73EF9344B2A681C80344B89
:10FD10001A640022204B1A701E4B50E60123286003
:10FD20002370304B0CE0FEF74BFA2F4B2F4A00208C
:10FD30001A60FA222E4B92001A800300286020706D
:10FD40002C4D2D4C28602380FEF76CFA33682B6015
:10FD5000244B2380FEF766FA0022114B1A70114BD8
:10FD60001A600B4B1A800B4B1A8017E7191C142BC7
:10FD700000D2142114398BB22380031C142800D222
:10FD80001423143B1380FEF777FAFEF7AEFFC0464C
:10FD9000DA210020682200201C2400201E240020DC
:10FDA0007422002070220020D8210020EA210020A7
:10FDB0002C24002080345BFF20402C0018FCFFFF27
:10FDC0007017000088130000BC970108AC97010869
:10FDD00030F8FFFF282300002824002024240020DE
:10FDE0005C1A0020DC05000060220020AF7C0108C6
:10FDF0005C2200203C2200203A220020F7B52A4B4A
:10FE000001931B88191CC82B00D9C82100228BB272
:10FE100000931300254C264D264E274F009990B293
:10FE2000814211D81A000020204D214E214F009907
:10FE300094B2A1421CD8019A20491380204A002B79
:10FE400024D10B801360F7BD9100615800290DD0BB
:10FE5000834209D098000151A85CE854B05CF0548A
:10FE60005000395A5800C15301339BB20132D5E7D3
:10FE7000114994008C466419206094192070D4199B
:10FE800020705400644420800132D0E708889842F2
:10FE900001D3581E088011688B42D4DC0021062B48
:10FEA00000D9991F1160CEE71A330020582A00208C
:10FEB000C828002090290020382700204433002043
:10FEC0004033002070B50C000E4B41389D89DE890F
:10FED0006D0076002DB236B2131B711BFF382A005D
:10FEE00009B21BB2A84203DD3200864200DD0200E7
:10FEF000521B534348101818F2F7A0FD201880B287
:10FF000070BDC046C800002010B5054B2F221C78DC
:10FF1000E4002100FFF7D6FF2F34201A00B210BDF5
:10FF20004C010020F7B5002401260C4B0C4F187033
:10FF30000C4BC0001C700C4B1B181A685B680092BD
:10FF40000193009801992200F2F764FEE519304010
:10FF500001342870322CF4D1F7BDC046BC260020F5
:10FF600012010020D4320020C02600200C2242437F
:10FF7000054B70B59B1818795D79DC88F3F778FA32
:10FF80002841204070BDC046EC98010807B50C4BD5
:10FF900008221888694600010830F4F7ADFB6B466B
:10FFA000DA7813092F2A00D90023064A13706B460A
:10FFB0009B79172B00D90D23034A137007BDC04648
:10FFC000603200204732002004260020074A10B586
:10FFD000074B084C128801001A8020001F2207F0EE
:10FFE00078FB0023044AE377136010BD5201002020
:10FFF000F0320020E4250020EC320020F7B50500A7
:020000040801F1
:100000000191FFF7B3FF0C226A43104B04009B18C9
:100010001A795F791000DE881D890092F3F728FABB
:10002000019B0100002B0DD0731B9C4201DC641965
:10003000A4B2BE40BC40B1432143009889B2F3F75B
:100040000BFBF7BDAC42F4D3641BF1E7EC9801085D
:10005000284B10B519883020F3F7FEFA264B3720CD
:100060001988F3F7F9FA254B3D201988F3F7F4FACC
:10007000234B43201988F3F7EFFA224B47201988C6
:10008000F3F7EAFA204B48201988F3F7E5FA1F4BFB
:100090007E201988F3F7E0FA1D4B02201988F3F748
:1000A000DBFA1C4B3F201988F3F7D6FA1A4B7B205A
:1000B0001988F3F7D1FA194B12201988F3F7CCFA03
:1000C000174B11201988F3F7C7FA164B142019881B
:1000D000F3F7C2FA144B54201988F3F7BDFA134B07
:1000E00055201988F3F7B8FA114B75201988F3F7E2
:1000F000B3FA10BDBC320020BA320020B832002062
:10010000B6320020B4320020B2320020B0320020DB
:10011000AE320020AC320020AA320020A8320020EB
:10012000A6320020A4320020A2320020A0320020FB
:100130009E3200200023F0B50C0087B00B750F280D
:1001400000D95CE1F2F7DAFBD1001000270039009A
:10015000580061006D00AD0075007E00A500C20072
:100160003E0121013001540114212000A54AFCF771
:100170003BFDA54B1888A54B984208D8FA21890069
:10018000F2F7D2FBA24A83B22000143010E0A1495A
:1001900020001430A7E0A04A14212000FCF724FD21
:1001A0009E4B9F4A1178200089009E4ACB581430FC
:1001B0001421FCF719FD07B0F0BD9B4A9B4B527907
:1001C00014215200D75A2000994AFCF70DFD6421F2
:1001D0003800F2F72FFC14340D1E964E00D0964EC8
:1001E00064213800F2F7A0FB3200030000951421CF
:1001F0002000FCF7F9FCDEE71421904A2000FCF710
:10020000F3FC894A8E4BD17ACDE78E4A1421200027
:10021000FCF7EAFC844B8C4A1B7C9B009B18814AB0
:10022000B2E78A4A14212000FCF7DEFC884B894A99
:10023000B8E714212000884AFCF7D6FC874B1B78CE
:10024000874AA1E714212000864AFCF7CDFC864BA3
:100250001D88002D9BD0FA2128008900F2F7EAFBC7
:100260008EB2FA2128008900F2F75EFB143485B2C1
:10027000632E09D964213000F2F756FB7B4F80B220
:100280002B003A000090B2E72B0014212000784A9E
:100290008FE714212000774AFCF7A6FC764B1B88D9
:1002A000CEE7764D2B78002B0AD0754A142120001A
:1002B000FCF79AFC2A78734B9B5C6D4A5B0863E7FA
:1002C00014212000704AFCF78FFC74E714212000F1
:1002D0006E4AFCF789FC20006D4B4E491B781430A8
:1002E000002B00D06B49132214E0142120006A4A2D
:1002F000FCF77AFC694B1878082800D95BE71434BE
:10030000F2F7E8FA050B0D0F182028313A0064497E
:100310001322200007F0DDF94DE76249F8E7624952
:10032000F6E713222000614907F0D3F90A22604B57
:100330001A8040E7132220005E4907F0CAF91E2206
:100340005B4BF5E7132220005B4907F0C2F97822E6
:10035000574BEDE713222000584907F0BAF99622CF
:10036000534B5200E4E713222000554907F0B1F93E
:1003700096224F4B9200DBE713222000514907F0F1
:10038000A8F9E1224A4BD200D2E74F4A14212000BB
:10039000FCF72AFC20004D4B3E4A1B781430002B02
:1003A00000D11C4A14218EE714212000484AFCF792
:1003B0001BFC2000474B48491B681430032B92D18B
:1003C000464990E71421464A03AD2000FCF70CFC97
:1003D0002A00444B43CB43C2434B03211878F2F726
:1003E00029FB2000C9B2890013224959143091E732
:1003F000142120003D4AFCF7F7FB3D49C8E60B708D
:10040000D9E6C046397D010814330020E7FD00001D
:10041000497D0108527F01084D7D0108089A0108B5
:10042000E5320020897A0108C8000020789A010886
:100430005C7D0108357D01082D7D0108627D010884
:10044000AC0000206D7D010806930108797D01084C
:10045000DC990108E4320020857D01085501002067
:100460005F7F0108937D0108520100209B7D0108F8
:100470009E7D0108A27D0108500100200E3300205E
:10048000AF7D0108E8980108B87D0108C57D010825
:100490000D33002068800108D17D01080C33002055
:1004A0004D790108D67D0108DC7D0108E47D010855
:1004B0003E000020F37D0108027E0108107E010845
:1004C0001E7E01082D7E01083C7E01084F010020A0
:1004D000477E0108C4000020918001089E80010829
:1004E000517E010878770108490000205A7E0108F2
:1004F000137F0108002210B50B000A700A7504284A
:1005000009D8F2F7E7F903090B0D0F00064A142189
:100510001800FCF769FB10BD044AF8E7044AF6E747
:10052000044AF4E7044AF2E7687E0108767E01088F
:10053000867E01089A7E0108A77E0108F8B51E4B49
:1005400004001B78002B08D0FA221C4BD2001B8819
:100550009B181B4A1268934223D31A4B5A221D88B8
:1005600000212800FFF7AEFC174F184B184AE10195
:10057000CF19DA6000218022C6B2380007F082F875
:1005800000231E20B3420DD36A08124D1249A03A2F
:100590002800FCF715FB602228001100E3B2FAF7EF
:1005A0005BF8F8BD02377C2BEED0BA7802330243F9
:1005B000BA70DBB2E6E7C04647010020F032002007
:1005C000EC32002028320020FC120020C80000205D
:1005D00088FFC4FF5C2400205F7F0108074B10B533
:1005E0001B78002B06D0064B064A1B881268C833BE
:1005F000934201D3F4F7B9FB10BDC0464701002078
:10060000F0320020EC320020F0B59BB002AB542257
:100610000021981D07F036F8002201251100130073
:100620004A4CE05C002803D02A009A4011430200A3
:100630000133322BF5D1002A00D01191444B02AA8C
:1006400019890232D187DA7A02A94A71414A1268BD
:100650001392414A12681492404A12780A715A79E8
:1006600015AB1A703E4B1B6802933E4B1A884E2303
:100670005B181A803C4B1A7816AB1A703B4B1A78F1
:1006800051235B181A703A4B1A7819AB1A70394B10
:100690001A7852235B181A70374B1A8817AB1A80D6
:1006A000364B1A7856235B181A70354B1A78572335
:1006B0005B181A70334B1A785D235B181A70324B33
:1006C0001A785E235B181A70304B1A885A235B180D
:1006D0001A802F4B1A7818AB1A702E4B1A785F239A
:1006E0005B181A7000231E001D001C002A4A01928C
:1006F000019A175D002F07D0220001200021F2F798
:1007000095FA3B0006430D430134322CF0D1002B07
:1007100001D0049605952822204906A806F0D0FFAE
:100720001F4B20481A7810AB1A7002A900236022D0
:10073000F3F7F0FF1C4C1D482378002B00D11C4818
:10074000FFF744FC002323701BB0F0BDE000002045
:10075000C80000205C010020580100200C3300205C
:10076000C400002014330020E5320020E4320020D1
:100770004E01002055010020500100204D010020B5
:10078000083300200D3300204F01002018330020D3
:1007900049000020F732002012010020C02600206E
:1007A000BC26002020C00000F5320020B77E0108E2
:1007B000C87E0108064B10B51B78002B05D00548F4
:1007C000F4F7E0FBF3F7A8FB10BD034B1888F7E73D
:1007D00047010020E02E000060010020F0B5894BA9
:1007E000894D1B7C87B0002B20D0FF22874B1A70CD
:1007F0000022874B1A70874B1A800122864B524287
:100800001A60864B6A68D118854B994200D9DFE09F
:100810000020844B844D198883B2994265D8FF2308
:100820000393002305930493804B6DE0C021512076
:100830008900F2F711FF7E4E7E4F31003800F3F74A
:10084000A9FB0400022821D13868F7F7C3FB7A4ED0
:100850003070FF28D1D0794B6A6840001A60784B1D
:100860000A21C35A774A6A48FCF7BEF93278674BC7
:10087000110064311970674B1C80734B1978022981
:10088000BBD1724B1B6819735A73B6E70128B4D1F8
:100890003088F7F7CDFB684E3070FF28ADD06A681E
:1008A000664B40001A606A4B0A21C75A3800F2F7BB
:1008B0003BF80A2183B238000393F2F7BBF889B200
:1008C000039B644A009152480A21FCF78DF90221EA
:1008D0004E4B32781A704F4B19805B4B1B788B4212
:1008E0008BD15A4B1B681C73CEE7441CA600AE5933
:1008F000964260D1584C45002C5B0494574C245CC4
:100900000594574C205C03904C480068904204D1F9
:100910003E480078FF2800D00390524804784348AE
:10092000002C07D0504C2478002C46D14F4C247812
:10093000002C42D1834212D0474E4D48B4469D0010
:10094000474C2D1845485F1C18181C195B00634460
:10095000B9423FDC002902D0324B01391980314BBA
:1009600019880B1CC72900D9C7239BB240489F0098
:100970003F1858008446394D394C37485D191C19C9
:100980006044043F013D013C0238002B2FD1384B1D
:1009900005981A60314B1870314B039818702E4B24
:1009A00004981880C72902D81E4B013119800021F4
:1009B000304B19800AE020002EE7834206D02649FA
:1009C000049C5800445226490398C8542A4B1A6084
:1009D00007B0F0BD6E68013740C54678067066788E
:1009E000013026705E8801341E800233B0E73E6815
:1009F000013B7E602E786E70267866700688468091
:100A0000BFE7C046C800002038320020463300202F
:100A1000D42500200A3300206C01002040A3EAFF07
:100A200040A8D4061A330020542A0020FFFF0000FB
:100A3000C2320020C43200203F240020383300207E
:100A4000F48401084B7A01080C3300204C1A002072
:100A5000C4850108D37C010838270020C82800205D
:100A600090290020DB320020D93200203C330020C6
:100A7000582A002044330020E032002010B5074AF5
:100A80000020137C012B01D80133D8B21074F2F787
:100A9000C7FF0122024B1A7010BDC046C8000020DB
:100AA000DA320020F7B500240927C000C3B2019351
:100AB0003D00019E013DEDB2002D04D10134E4B2B0
:100AC000802CF5D1F7BD3100012220000136F9F765
:100AD0001FFFF6B2EEE7000010B50D4B1B78002BA0
:100AE00002D10C4B188810BD013B012B0AD80A4AD1
:100AF0000A4B10681B68C01A094B9989F1F714FF5B
:100B000080B2F0E78020074B1B791841F8E7C04618
:100B100008330020C032002064010020680100205A
:100B200028320020C8000020124B70B5C218124BAA
:100B300005009A421CD8114B1C78002C18D1F3F7F1
:100B40001FF80F4B0F4EAB4264413378E4B2A3421F
:100B500002D02800F3F780F880210B4B30201D884D
:100B60008900F2F779FD29003020F2F775FD347025
:100B700070BDC04640A3EAFF40A8D406E63200207C
:100B8000FF3EAB01A50000200A0000200E4B70B50F
:100B90001B78002B0ED00D4E0D4D3478012C0AD150
:100BA00021000620F2F766FF21000520F2F762FF20
:100BB00033782B7070BD2B78012BF9D100210620E2
:100BC000F2F758FF0021F0E7CB250020D9320020B2
:100BD00097000020F0B504000D00002685B03128F4
:100BE00034D8224B1E5C002E30D00D2200216846E6
:100BF00006F048FD0A2363431D49671C5A5C013A0D
:100C0000D2B2FD2A2CD85A180023D05C411EC9B29A
:100C1000FD291ED86946C85401330A2BF5D16A460E
:100C20000021D1545A1E6A44002B03D01078013A97
:100C3000202810D00F4B10491B191B7E002B00D110
:100C40000E496B463A002800FBF7BAFF300005B0AA
:100C5000F0BDDBB2E3E76846013BDBB2C154E3E73A
:100C60003A0068460649FBF7ABFFE3E79025002012
:100C700030170020C8000020E17E01085B790108E0
:100C8000D57E010830B50024250087B0200001A9D9
:100C9000FFF7A0FF002803D0054A6B1C5455DDB2B6
:100CA0000134E4B2322CF1D1024B1D7007B030BDDB
:100CB00009260020C832002030B51B4B87B0185CD5
:100CC0000C0001A9FFF786FF01A8F1F7D9FF002565
:100CD000A8420AD06A46431E0432D25C2A2A04D1B2
:100CE0006A4618000432D5540135431E01AA00217A
:100CF000D31805E01A780138202A03D11970013B76
:100D00000028F7D114212000084A01ABFBF76CFF43
:100D1000002D07D020001421054A1430FBF764FF92
:100D200007B030BD2575FBE709260020897A010848
:100D3000E87E010810B5134A0B001178040002295F
:100D40000DD1002B05D0322200210F4806F09AFC6D
:100D500010BD01230D4A815C4B408354F8E7002904
:100D6000F6D1002B03D03222094806F08BFC312C3F
:100D7000EEDC0121074B1B191A7E4A401A76064BFE
:100D80001970E5E70833002012010020110100204E
:100D9000E0000020C80000204401002010B5074BEF
:100DA0001B78012B08D0064B02211A88054B002026
:100DB0001A809A80F7F7F2FF10BDC0460C3300206E
:100DC000183300205C1A0020F7B52B4D2B685B69A7
:100DD0001868F7F7B3F9041E03D02848FFF7F6F8B0
:100DE000F7BDFFF7DBFFF8F71BF901210620F2F74B
:100DF00041FE05202100F2F73DFE214B1878002826
:100E00001FD00138C0B2F2F74BFF1E4B1B78DB0737
:100E100001D5F2F7CDFA00231B4C2A682370537BCF
:100E2000FF2BDDD0127B022A0ED1184A5B009B5AA1
:100E30000A212000164AFBF7D7FE0222154B1A8022
:100E4000CEE7F2F721FFE0E7012AF6D1124A5B0074
:100E50009F5A0A213800F1F767FD0A2186B238004F
:100E6000F1F7E8FD0D4D89B2009133002A000A2107
:100E70002000FBF7B9FEE0E74C1A0020A479010836
:100E80002A1B0020471A0020D4250020F4840108E2
:100E90004B7A01080A330020C4850108D37C01087D
:100EA000F0B59BB01F000490059102929A4251D375
:100EB0003D000026209B06A92800984706A8F1F7C8
:100EC000DFFE04000BA8F1F7DBFE13232418A34276
:100ED000A441029A6442631C03939B19AA421AD943
:100EE000DEB20135029BADB2AB42E3D2E02200217B
:100EF00092004B4806F0C6FB00237F220121049894
:100F00000093F9F7B3FB0124059B9F4224D3F3F729
:100F100027FF1BB0F0BD062BE3DD039BF318062B68
:100F2000DFDD029BBB42DCD9209B380010A998472B
:100F300010A8F1F7A5FE040015A8F1F7A1FE1323F0
:100F40002418A342A44164420134361B0137F6B28F
:100F5000BFB2E2E7029FC9E710AE209B3100380024
:100F600098473000F1F78CFE050015A8F1F788FED0
:100F700013232D18AB429B415B4201330393E318CB
:100F8000072BC4DC132D2DD8029B0025BB4206D1B4
:100F90002000FFF787FD2000FFF784FD01352300C7
:100FA0000022012130000095F9F760FB337D002B12
:100FB00012D015A8F1F764FE0121031E06D0072008
:100FC00058437F2802D88139091AC9B22300002268
:100FD000009515A8F9F74AFB039B0137E418E4B222
:100FE000BFB291E7631CDBB20493029BBB4205D105
:100FF0002000FFF757FD0498FFF754FD029B0022E5
:10100000DD1B6B425D41EDB2110023003000009505
:10101000F9F72CFB0022049B11000095D9E7C0468C
:10102000FC1200200100002A08D00130C0B20229C1
:1010300000D100200122044B1A8070470138C0B251
:101040000029F7D10220F5E74C19002010B56D20DA
:10105000F2F70EFA03B2052006215843F1F7EEFC31
:1010600000B210BDF7B517001C4D0C0007221C493B
:101070000600684606F024FBBD42AD41132338004C
:101080009D43F6F7FFFF6B46A4B21B566408A03CD5
:10109000823DE4180621601BF1F7D0FC002815DA28
:1010A0000020C0B236353070651B13D500250523EE
:1010B00083429B41220AB470F2705B42220C240EE0
:1010C0003000757032717471B371FEBD0928E8DDAE
:1010D0000920E6E7632DEADD6325E8E7C0C62D00B9
:1010E000EE7E010813B50822040008016946F3F7F3
:1010F00003FB009B01330AD1002323706370A370AC
:10110000E37023716371A371E371200016BD08229F
:101110006946200006F0D4FAF7E70000F0B5424C2B
:1011200085B06388414A1433A3800023404E15786C
:10113000E38133817360012D53D0022D0AD09D428B
:1011400064D03A4B1B78002B02D00222394B1A7024
:1011500005B0F0BD1E00384A384F12783D78009235
:10116000374A0192009AB24203D1002BE9D03D7078
:10117000E7E70099681CF1F747FD019BC9B25B19CD
:101180004A331B78002B27D018266E432D4A2E4B4E
:101190009619377DF0682D4E1D707B009E5B019B7C
:1011A000A060A6815F71002801D0294C206018231F
:1011B0006B43D3181B69002B01D026480360264BD4
:1011C0001B78002B05D11820684312181C4B527D48
:1011D0001A741A4B1970B4E701360D000123F6B2E8
:1011E000C0E71E4B1E491A680968194B19481A6056
:1011F00001608A4201D9196002601B68104AA3602D
:101200005279124B5200D35AA3819AE7154B1B888F
:10121000002B9DD0290002A8FFF764FF029B3581B7
:10122000A36073608DE7C046283200200833002099
:10123000383200200C330020082600203B260020F6
:10124000C8000020782D002045320020789A01083F
:101250006801002064010020DA3200205C010020D7
:1012600058010020C032002010B5FFF757FFFF22C1
:10127000064B5A800023064A1370064A1360064A3A
:101280001380064A1380064A136010BD28320020DE
:10129000DC32002004330020023300200033002021
:1012A000FC320020F8B5802705000024FF008022D2
:1012B0000F4E200131005200F3F71EFA0020030107
:1012C000F25CF3185978090211439A78DB7812041A
:1012D0000A431B061343AB4202D1201880B2F8BD6B
:1012E00001301028EBD11034BC42E0D10148F6E7C0
:1012F00090240020FFFF0000F0B5BE4ABE49A3B015
:101300008218BE4B03908A4200D8E7E01B68039323
:10131000BB4BBC4A04931B780592002B00D0E0E045
:10132000B9490398F1F700FBB74904000398F1F7B6
:1013300081FB2300059A009113A81221FBF754FCAE
:101340001DAC1322002118A806F09CF913220021DD
:10135000200006F097F9AD4913AA18A8FBF730FC56
:10136000092200210AA806F08DF9A94B1A78A94B89
:101370001B88002A00D1BFE0A74A01250A210DA839
:10138000FBF732FC00233222282100950DA8F9F743
:10139000D7FAA24B1B78022B00D0B6E0A04C092153
:1013A0002378A04A5B190AA8FBF71EFC00230A2237
:1013B000802100950AA8F9F7C3FA9B4B1B78002BF4
:1013C00000D19BE0994B1B78002B00D196E0984B05
:1013D000984A13211DA8FBF707FC0226964B1E70A6
:1013E0008E4B1C78002C00D0C2E0944F3B78002B31
:1013F00001D1FFF747FC002339789148914DDAB2CB
:10140000914200D98FE0904B1A78904B1B78013BAA
:10141000012B00D890E0022A0FD08D4D8D4A280074
:101420007A49FBF7CDFB0123322200933C210023B4
:101430002800F9F785FA00232B7085482200012641
:10144000040000253B788449FBF7BAFB00233222D5
:10145000022120000096F9F773FA804B80491A8820
:1014600020002570FBF7ACFB2B00322280212000EE
:101470000096F9F765FA25707A4B039A9A4200D9DB
:10148000AAE0472008AC0123002256210019F9F7F1
:10149000A9F94721002263181A700123453918A8B9
:1014A000F9F7D6F9012302220093802100236E4828
:1014B000F9F746FA644B1C78022C00D1E2E00223D3
:1014C0009C43012C08D103215B4A1DA81170002107
:1014D0007F220091F9F7CAF823B0F0BD039A1A6091
:1014E00016E7624B48491B689D682800F1F71CFA13
:1014F0004549040028001AE75D4A3EE71823227890
:1015000053435C4A9B18414A63E7002B08D1484B80
:101510001A78002A00D160E7132120003B4A5AE7DD
:101520000023237059E7EA5C8218127E002A01D05A
:101530000134E4B2013362E7022A00D17DE74E4B69
:101540002D4A1E682B4BF31893420FD830002E49BA
:10155000F1F770FA30000D002B49F1F7E5F93C4E38
:1015600002002B0030000599FBF72AFB384D5AE7A3
:10157000424B25491C682000F1F75CFA0F0020005F
:101580002149F1F7D1F93B000127314C1D4D0200F3
:1015900029002000FBF714FB322231002000002339
:1015A0000097F9F7CDF9364B17491E683000F1F76F
:1015B00041FA300005911449F1F7B6F9290002000B
:1015C000059B2000FBF7FCFA00233222802120003B
:1015D0000097F9F7B5F94FE70123002263211AA814
:1015E000F9F700F94821002208AB5B181A70463958
:1015F000012354E740A3EAFF40A8D4068C2400202E
:10160000CB25002029790108A0860100897A0108EC
:10161000F732002000330020FA7E01080833002052
:1016200045320020FE7E0108470100206232002082
:1016300054320020057C01084C010020C8320020F3
:10164000C800002009260020C00000200C33002024
:101650006424002048320020027F0108C0320020AC
:101660000B7F0108FFE0F505D4250020541A002067
:10167000997A0108782D0020E032002068010020CE
:101680006401002008232D220093110023001DA8CF
:10169000F8F77EFFC54D2978002900D184E00022AB
:1016A00023001100C248F8F7D7FFC24B1B78022B6A
:1016B0007ED8002B7FD0C04BC04F1B78C04C022B74
:1016C00000D0B3E03E68BF4BBF4AF31893420FD837
:1016D000BE493000F1F728F9BC4903903000F1F71A
:1016E000A9F920000091039B1421B94AFBF77CFA69
:1016F00008232D22200000931100043BF8F748FF37
:10170000049BB4481B78002B00D0B348002204236C
:101710001100F8F7A1FF3868AA4BAB4AC3189342EF
:1017200012D8FFF7BFFDAD4A03001080AC4A9042CB
:101730000AD01421AB4A20000133FBF755FA0522E9
:1017400026212000F9F758F82B780393002B7AD044
:101750000620FEF7F3FE994B9B4A1868994BC31875
:10176000934211D8FFF79EFD9D4A013083B2934208
:101770000AD0934C14219B4A2000FBF735FA032230
:1017800026212000F9F738F8974B1B78013B012BF5
:1017900000D9E3E00420FEF721FF0520FEF71EFF3D
:1017A0000620FEF71BFF97E623000A008F487AE722
:1017B000033B052BC8D88E4B814C1B88874A1421CC
:1017C000138020000133874AFBF70EFA05222621F9
:1017D0002000F9F711F81421864B874A2000FBF707
:1017E00003FA2D220823110020000093043BF8F790
:1017F000CFFE0C22814910A805F062FF804B1A68C9
:10180000002310689168884205D001320321D07FFF
:10181000F1F710F9CBB2049A117800290DD000220B
:10182000042311006C48F8F717FF8DE714212000FE
:10183000704B714AFBF7D8F95AE79B0010AAD018F1
:1018400004230A00EFE76F4BDB8907935A4B1B78A1
:10185000022B7BD1039B6C4F6C4C3B606C4B250087
:1018600004936C4B1A7818235343039A1B191600E0
:101870000893049B0593684B0993089BAB4238D1AE
:10188000002A01D0604B1E603A680799634B8A18A2
:101890001A80634B00251A78182353431B19614E95
:1018A00005935D4B35600693059BA34238D1039B9E
:1018B000002B00D035605B4B1968C82900D84AE777
:1018C000564B1A88914200D2198079201B883C25FA
:1018D0005843F1F729F80023534CC0B2DAB28242E0
:1018E0009241524251422940E1540133792BF5D1C2
:1018F00031E72B7D09995B00595A00290BD0059BD4
:101900001B780693002B06D0EB682869C01AF1F704
:101910000BF8069A3618059B183501330593ACE78A
:10192000237D069A5B00995A00290AD0049B1F78F0
:10193000002F06D0E3682069C01AF0F7F5FF03977F
:101940002D18049B183401330493ADE7FFF7C4F856
:10195000344B079A1860314B1A80ACE70222334BA4
:101960001B789343012B00D114E717230120304A41
:10197000117802330143DBB2117002323D2BF7D1F3
:101980001222072401202B4D1100060021408E4019
:101990003100D308DB01EB1829331E7802323143C2
:1019A000D2B21970302AEFD1F4E6C04647010020C8
:1019B000117F01080C33002008330020E0320020A2
:1019C0007824002040A3EAFF40A8D406A0860100A6
:1019D000297901087C790108F67E0108E2250020BA
:1019E000FFFF00005F7F010844320020E17D010815
:1019F0001833002048320020897A010884770108D2
:101A0000541A00202832002058240020782D00206D
:101A10001201002045320020789A01085424002049
:101A2000082600205024002000160020C0000020BE
:101A300013150020FC120020F8B5524B04001B784F
:101A4000002B0CD1504D2B89322B08D04F4B002846
:101A500006D14F4A1278022A02D1013A1A70F8BD13
:101A60001C704C4B9868FFF71DFC4B4A4B4E82187C
:101A7000511E8A414A4B30801A70002C33D120000D
:101A8000F7F73CFC21002000F2F75CF8210005206C
:101A9000F1F7F0FF21000620F1F7ECFF414D2B7824
:101AA000A342DCD0A02380222C70DB055200002C46
:101AB00065D09A613C4B664219883C4B30201940F6
:101AC00080239B0033401943F1F7C6FD384B472074
:101AD0001988384B194080235B001E403143F1F7D1
:101AE000BBFD2C70BBE7344B984216D0FEF74EFA84
:101AF000324F31883B7832482B74F8F7B7F9314BC5
:101B00001B78002B01D13B782B74287C00210138F5
:101B100043425841C0B2F7F7F5FA2B4B1B78022B22
:101B200013D1284B1B78002B07D1284A284B11785A
:101B300018224A439B185B7D2B74287C00210138B6
:101B400043425841C0B2F7F7DDFA224B1B78002B15
:101B500003D1214B5868FFF7CFFBF2F73FF8142071
:101B6000F3F7D8F9287CF7F7C9FBE87A0021F1F7F9
:101B7000E9FF80213F20C900F1F76EFD8EE79A62F0
:101B800098E7C046E6320020C80000204701002048
:101B9000D9320020283200200100FFFF60320020EF
:101BA00062320020450100200A000020FFFDFFFFF7
:101BB00008000020FFFEFFFFFFFF0000473200206B
:101BC00054320020DA320020083300204532002051
:101BD000782D0020DB3200203832002010B5074C71
:101BE00002000021E07AFFF71DFA054BE072187839
:101BF000002801D1FFF720FF10BDC046C80000201B
:101C000047010020F0B50025664B8FB082000D70B3
:101C10000D75D45802900391AC4200D198E062490E
:101C20002000F0F781FE604907002000F0F702FF76
:101C30005E4E00913B000A21320004A8FAF7D4FF5F
:101C40002E2104A805F026FDA8420FD004A8F1F724
:101C500017F804AB0138181804AA0378904202D987
:101C6000302B00D176E02E2B00D1057000250C2200
:101C7000002107A805F006FD4D4F6B00FA5A0299A6
:101C80008A4200D069E04B4A9C5A4B4B9C4206D09A
:101C900007AD21002800F8F7E9F80023AB72474BA5
:101CA000029A474D9B5C002B00D0464D029A464B52
:101CB0005200D45A3B2C65D93C212000F0F734FE69
:101CC0003C2187B22000F0F7B5FE404E89B200916A
:101CD0003B00320010210AA8FAF786FF3C4B029A1B
:101CE0009B5CFF2B55D0312B17D83A4A5B009E5A8C
:101CF0000A213000F0F718FE0AAB87B20A21300043
:101D00000193F0F797FE89B200911421324C0398A9
:101D10003B0022004018FAF767FF2D4B029A9B5CAC
:101D2000642B0BD90AA9009114212C4A0398643B17
:101D30005B009B5A40182A4AFAF756FF07AB0193FB
:101D400004AB009314212B00264A0398FAF74CFFAA
:101D50000FB0F0BD013845707EE70135062D00D08B
:101D60008BE72000FFF79EFA04001F4E029A30789E
:101D700029004300DA530F4A01309C52F0F744FF28
:101D8000317082E723001021184A0AA8FAF72CFFC5
:101D9000A4E714210398164A0AAB4018FAF724FF67
:101DA000CCE7C046582A0020A08601002979010806
:101DB0001E3300202A330020FFFF0000C828002027
:101DC000757A01081779010838270020157F010866
:101DD00090290020C4850108267F0108F4840108A9
:101DE000347F0108417F01081C330020207F010857
:101DF000897A01080023F7B50E00019380B2994259
:101E000017D08022013004B2D200944200DB1C00C3
:101E10001B4D0422200101A9F2F76EFC019B013B3E
:101E200003330CD9002E1BD1002C27DD013C24B23A
:101E30001CE0013804B20004EAD5124CE8E7A7B26E
:101E400069463800F6F782FD6B465A78531E312BEF
:101E5000E8D80D4B9B18DB7D002BE3D03800FEBD8E
:101E60008023013424B2DB009C4205DA013DADB28F
:101E7000002DCED1054FF1E70024F7E7014CF5E73F
:101E800001040000FF030000C8000020FFFF000065
:101E9000002273B52B4B2C4D1A602C4B2A701B78EB
:101EA000934220D12A4B1A88002A1BD0294CE18961
:101EB0004B1C9BB2934292411340E381994201D95A
:101EC00001232B70244D01210023E85EFFF792FFD0
:101ED000224B01002880984204D06846FFF702F99F
:101EE000009BA36073BD1B4CE689FEF7F5FD002E39
:101EF00012D11B4B1B4A1B681360A360731C9BB25F
:101F0000E381834219D90023134AE381138001221C
:101F1000154B2A701A70E5E7144A154B5279520096
:101F2000D35AA2689B18134AA36012689342E5D360
:101F30000C4AA38911685B18DEE7B342D2D20123B1
:101F40002B70CFE7EC320020F8320020083300205D
:101F5000C032002028320020A8000020FFFF00002F
:101F6000680100204C24002046010020C800002009
:101F7000489A01086401002010B50024154B1C701C
:101F8000154B1C80154B1C60FFF782FF144B200083
:101F90001C70FFF751FD134A134B91685960D289A9
:101FA0001A81124B1A78A24205D080221C70A023FD
:101FB0005200DB059A620E4B302019880D4B1940F8
:101FC000F1F74AFB0C4B472019880C4B1940F1F7ED
:101FD00043FB10BD47010020D6320020EC32002028
:101FE000DC32002028320020383200204501002059
:101FF0000A000020FFFDFFFF08000020FFFEFFFF9A
:10200000174B70B51B685B691D682800F6F796F8DA
:10201000041E03D01348FDF7D9FF70BDF7F7EEFAA1
:10202000114B1249124A1348EB18134E0C701460EE
:10203000834211D8114B28009D60114B5D60114BFC
:102040001D60FEF771FD0120FFF7F6FC0E4B1B88AB
:1020500033800E4B1C60E0E73480FFF78DFFDCE738
:102060004C1A0020A479010840A3EAFFE6320020C0
:10207000E832002040A8D406D632002028320020C2
:1020800038320020E032002014330020EC320020EF
:10209000002210B5034B1870034B1A60FFF76CFF5A
:1020A00010BDC04644320020EC32002000B50C4B7D
:1020B00089B01A89322A0DD168460A49FAF780FD9B
:1020C0000022094B1A706846FDF780FFFFF754FFA6
:1020D00009B000BD68460549FAF772FDF3E7C0464E
:1020E000C8000020497F01084F010020567F0108E9
:1020F000F0B5594B87B01B78002B0ED0574A584B80
:1021000012889200D058FEF70FFD0022554B1B6835
:1021100031331A70544B01321A80544B1C78002C06
:102120005BD1534B1C80534B1D780393012D34D14D
:10213000514F3A88002A50D05049514B08681B68CB
:102140002600434058035840430C43405801584030
:1021500008602300210005F031FA013108B229009E
:10216000FFF748FE05003B88A34245D8002E14D057
:102170003C4C300023689E60424B1E60FFF792F893
:10218000414B01001880414B4148994247D0F7F735
:102190006DFE0022236831331A70039B1A78022ADD
:1021A0001BD12F4B1C682F4B1B68002C4ED0354980
:1021B00000200C6019009C603131283308701A70BF
:1021C0002000FFF76FF8304B010018802F4B304E86
:1021D000984229D03000F7F749FE01222D4B1A70A2
:1021E00000222D4B1A702D4B1A70FA222C4BD20064
:1021F0001A60FEF7E9FD2DE0290004A8FEF772FF42
:10220000284B049E5B5D782B01D8002EB0D1681C52
:102210003988F0F7F9FC0134A4B28DB2A3E70C21A0
:10222000214AFAF7E1FCB4E720002049F0F77CFBF3
:102230001E4907002000F0F7FDFB1D4D00913B00FB
:102240002A000C213000FAF7CFFCC6E719489C6041
:10225000FDF7BCFE07B0F0BDDB32002044330020A8
:10226000582A00204C1A00204C190020443200202B
:10227000D63200200C330020C0320020A000002005
:1022800080190020E032002018330020FFFF0000FA
:1022900048320020E6320020DC32002047010020D6
:1022A000E83200203C260020D67D0108A0860100EF
:1022B00029790108627F010800231800044AD15CD3
:1022C000002901D00130C0B20133322BF7D1704761
:1022D00012010020F0B54A4B8FB01C78012C11D1AF
:1022E000484906A8FAF76CFC06A8FDF76FFE464BB6
:1022F00046481988F7F7BAFDFEF750FD444B1878A9
:102300000FB0F0BD022C0AD1FFF7D6FF414A0300FF
:1023100012784149013206A8FAF752FCE4E7002C92
:10232000E2D125003D4E34800422280106A9F2F7AF
:10233000E3F93B4A069B9B183A4A934214D801AFF3
:102340003900A8B2F6F702FB7A78531E312B0BD86E
:10235000354B9B18DB7D002B06D03388334A013385
:102360003380138801331380314B01359D42DBD11B
:102370000020020026492F4D0B78AF5C002F02D0C1
:1023800038000133DBB20132322AF6D1002800D006
:102390000B70002308789842B2D0EA5C002A1BD068
:1023A000DCB2200002A9FEF715FC3488002C17D0FF
:1023B00000236A4608215218D25C002A06D02A2A35
:1023C0001BD16946082000220918CA541A4902AADA
:1023D00006A8FAF7F5FB87E70133322BDDD1E0E7FA
:1023E000124B1B88338001262E55144902A8013454
:1023F000FAF7E6FB322CF7D1DAE70133D9E7C0462A
:10240000083300206D7F0108183300204832002077
:102410003D240020BC260020737F0108C03200202C
:1024200040A3EAFF40A8D406C800002006260020EA
:10243000CF030000E0000020897A0108817F0108B5
:102440000A22002110B5094805F01CF900231900E3
:10245000074A1078FF2800D1117001330132802B18
:10246000F7D1FFF737FFFEF7FFFE10BD6332002004
:102470003C2600202C4AF0B512882C4B9200D558EF
:102480002B4B9BB09D4216D900240023200104222F
:1024900009A90993F2F730F9099B01345A1C0CD0B1
:1024A000AB420AD1234AA3B2202101A8FAF79CFB30
:1024B00001A8FDF78BFD1BB0F0BD1F4EB442E4D167
:1024C000002424276A460023D21913702001012218
:1024D00009A9F2F711F96B46DB191B78FF2B1ED106
:1024E000A4B2402200210AA805F0CCF85522134BD3
:1024F00009950B95197C6A441170DA7A4F236B4465
:102500001A700D220BABDA770021022309AA2000F2
:10251000F7F7D6FEFFF7DEFE094A631CC4E7013475
:10252000B442CED1074CDCE744330020582A0020C7
:102530003F420F008F7F0108FF030000C80000200A
:102540009B7F0108FFFF000070B5F2F7D3FA8022ED
:10255000174BD2001B6904001340594259411548DA
:10256000154AC9B2002B10D1FA241370134BE400A2
:102570001C601024124B01701B78002B0CD00B2C0C
:1025800009D00C2C08D10B2406E00378002BF1D0E5
:1025900001231370EEE70C241378002B05D00025DF
:1025A0001570FFF72DFD074B1D70200070BDC04654
:1025B00000040050CB250020CC250020E83200206C
:1025C000431A0020E632002073B508220021684635
:1025D00005F058F8C822214E00219200300005F085
:1025E00051F8C82200211E4805F04CF8C8220021ED
:1025F0001C4805F047F8C822002400211A48520060
:1026000005F040F8194B1C80D023E0001B02C018D5
:1026100008226946F2F770F86B461B79A5B2FF2BCA
:1026200002D1124B1D8073BD009A002A11D0A10067
:102630007250591E8B410A4A694613556A46094B26
:10264000527901351A55C988074A6300D152074BA0
:102650001D800134C82CD7D1E5E7C046582A002098
:10266000C828002090290020382700201A33002095
:10267000D0231B0273B51E001E4D2C88E400E41805
:10268000A64213D300242888A04216D8FF22019224
:10269000D02200235201801869460822C00000930E
:1026A000F2F738F81448FDF791FC73BD3000F2F7EB
:1026B000B7F880235B01F618E2E7104BA200D3586D
:1026C0006A4600930E4B69461B5D13710D4B1B5DF3
:1026D00053710D4B6200D35A6A46D380D0235B01FD
:1026E000E01808220023C0000134F2F713F8A4B266
:1026F000C9E7C0461A330020AA7F0108582A0020E3
:10270000C8280020902900203827002010B5012477
:10271000064B60421C70F1F79FFA0548FDF756FC26
:102720002000F1F7FBFD034B1C7010BDE6320020CA
:10273000B87F0108F63200200122F8B5244B254D60
:102740001A70FA22244BD20028001A60F1F70AFC12
:1027500000283BD02C6819210C342000F0F76AF9CE
:102760001E48611A03682960CA1A00D55A1A002344
:102770001B4C632A02DC23780133DBB201600020AA
:102780002370F1F7CBFD2378012B1CD92E68760836
:102790003000F1F7F5F91348F2F7F4FBF1F7BCFB61
:1027A00007002868F1F7ECF90E48F2F7EBFBF1F7B8
:1027B000B3FB874200D92E600B4B2A685A60FEF7A4
:1027C0000DF8002323700120F1F7A8FDF8BDC046E5
:1027D000E632002048240020E83200204424002073
:1027E00040240020A86100003832002010B5652088
:1027F000F0F73EFE7F23184010BD000010B5074CD7
:102800002378002B09D0FFF7F1FF2378834204D20D
:102810000020034B1870FFF70FF910BD5501002081
:10282000DC32002010B5154B1A78002A05D102328F
:102830001A70134B134A127802E0022A16D1013A99
:102840001A7001220020104B1A70104B1870104B98
:102850001860104B1880104B1870104B1870104BEC
:102860001860104B1A70FFF7E7F810BD012AE8D185
:1028700000221A70034B024ADDE7C04608330020ED
:102880003E2400200C330020473300204632002035
:10289000EC320020D6320020DC320020E63200206C
:1028A000E832002046010020002270B5104B0400E1
:1028B0001D7813000F49D0B2854206D800220D4979
:1028C000D0B285420AD8002070BD8E5C002E03D0A5
:1028D000A342F9D00133DBB20132ECE78E5C002E6B
:1028E00003D1A342F0D00133DBB20132E8E7C046A6
:1028F000082600201201002037B5C0B20C00FFF7F7
:10290000D3FF182105004143431C0A480A4A09180D
:10291000009120001421FAF767F9084BEB5C002BBB
:1029200006D020001421064A1430FAF75DF937BDAD
:102930002375FCE7782D00205B7901081201002047
:10294000E87E0108F8B50C4D3222002128008026CF
:1029500004F098FE00240127F6002000F6F718F88E
:1029600043785A1E312A02D8EB18013B1F700134FC
:10297000A4B2B442F1D1F8BD90250020F0B56B4D62
:102980009BB02C78002C00D0CDE0FFF7DBFF60225D
:10299000210002A804F076FE6022654802A9F1F742
:1029A000ABFE0120119E634A3300E3400340135500
:1029B0000134322CF8D102AB0233DB8F5E4C0021A4
:1029C000238102AB5879E072F1F7BCF8139B5B4AA4
:1029D000934201D95A490B60149B934201D9594A39
:1029E000136015AB1B7801266371049B059C009353
:1029F00001940024544F220000980199F0F70AF93D
:102A0000E319304001341870322CF4D128224F4899
:102A100006A904F055FE10AB1B78042B00D9002347
:102A20004B4A137002AA12794A4B1A7000224A4B81
:102A30001A70029B032B00D00123484A02A813609E
:102A4000474A1370474A137859424B41C8215B42A9
:102A500089000B4064395B1843490B804E210918EB
:102A60000988424B4248198016AB1B7841490B70CC
:102A70005B001B5A404941480B80512302A95B1857
:102A80001B783F490B705B001B5A3E490B80522359
:102A900002A95B181B783C490B703C490F3B0B703B
:102AA00017A93B4B09881980562302A95B181B788C
:102AB000384939480B709B0038491B580B8019A9BD
:102AC000374B09781970374B1B78042B05D15721E8
:102AD00002A80918344B097819705D2102A8091859
:102AE0000978324B19705E2109180978304B19703A
:102AF0005A21091809882F4B198018A909782E4BDB
:102B000019705F231B181B7873202C491370F0F782
:102B1000A3FD2B4C2378002B03D1FFF755FD012398
:102B2000237001232B701BB0F0BDC046F43200208F
:102B300020C00000E0000020C8000020BF5C15009D
:102B40005C0100205801002012010020C026002056
:102B5000BC2600200C330020C8320020C400002016
:102B6000C0000020F7320020600100201433002054
:102B7000F4990108E532002012330020D0990108B1
:102B8000E4320020103300205501002054010020C1
:102B9000500100204D010020309A01085201002010
:102BA0004E010020881A0020083300200D33002039
:102BB0004F0100201833002049000020C1A300006D
:102BC000C925002070B531252A000021254804F0D0
:102BD00059FD254E254A01241660254A254E00211F
:102BE00016600226244A254B167009225A71244A7F
:102BF000244E1460244A05201470244AD972168089
:102C00002826234A1C761180224A18811180224AE4
:102C10004A331170214A1170214A1470214A1670EA
:102C2000214A0F3E1670214A1080214AF03014705C
:102C3000204AFF301080204A1C7014701F4A204B1D
:102C40001170204A20481170204A1C701180204ABF
:102C500011702A0004F016FD1E4B1C70FDF7D4FC09
:102C600070BDC046E1000020C08AA8025C010020BF
:102C700058010020E0D8A8020C330020C800002032
:102C8000C4000020DC050000C0000020600100201E
:102C90001433002012330020E5320020E4320020FB
:102CA0004E01002055010020540100205001002059
:102CB0004D01002052010020083300200D33002078
:102CC000490000204F01002013010020183300208C
:102CD000F7320020F532002010B50C22FF21064803
:102CE00004F0D0FC0C22FF21044804F0CBFC0022AD
:102CF000034B1A7010BDC0462A3300201E3300203B
:102D00001C330020F0B5174B8BB01B881C1CC82B44
:102D100000D9C824144EA4B2002B1DD03288230041
:102D20001249013202A8F9F74BFF114D114F2868E3
:102D30003B68984205D0210080B2FFF7CDFF2B6899
:102D40003B602B680C4932889BB2009102A821009D
:102D5000FEF7A6F80BB0F0BD084902A8F9F730FF5E
:102D6000E3E7C0461A33002044330020C37F010844
:102D7000403300206C010020051C0108D27F0108AF
:102D8000E022F0B5BA4BAFB01800002192000493D6
:102D900004F078FCB74B1878062800D9C6E0EFF7A6
:102DA000ADFD070049018D013D02590280028902F3
:102DB000B14B1C78002C09D0B04C2378002B01D0EB
:102DC000FFF7A0FF002323702FB0F0BDAC4B1B78A2
:102DD000002B00D183E0AB4B5868FEF78DFAFA2246
:102DE000A94BD2001B889B18A84A1268934200D8AE
:102DF0009CE0A74B1F7802233A009A430392012AD2
:102E000000D091E000230122A2481D008446A2497F
:102E100052424A80A14EA24A8B801078A84268D8BC
:102E2000B04269D301329445F7D19B4A002B00D0C0
:102E30005680002C00D095808B88002B08D09948B4
:102E40005B080E24025FA03B541DA34257DDC481E2
:102E50004B88002B03D0934A5B08A03B938100254D
:102E6000012F53D0FF260EAC8D4B585D3300002848
:102E700006D0FDF749F883B22F2B00D93000C3B23A
:102E80002B550135802DEFD102272678039D320086
:102E90006678FF2E11D033000399FF2A01D0390044
:102EA0009319A278FF2A03D0D31801319BB2C9B27B
:102EB0004808C018EFF7C2FD60700135EDB201346B
:102EC0007F2DE4D127200021012404ABC0184678CF
:102ED0002F2E46D9013101308029F8D124E0724BE0
:102EE0001B78002B02D0714B186876E76A4B986804
:102EF00073E70500039C95E70600039B92E7053AFC
:102F0000934201DAC281A3E7C381A1E72800FCF75D
:102F1000FBFF07260400624B585DFCF7F5FF844277
:102F20000FDA0135802DF6D1F1F71AFF544B1B78DB
:102F3000002B00D18BE1554B1B68C82B00D886E1D4
:102F400042E7C310049A1BB2DB01D3180200390018
:102F5000324091400A00595D01300A435A5500B28F
:102F6000DDE7002934D0077833003200FF2F0CD082
:102F7000F71901377F10FFB2BE4200D93A1CD2B216
:102F8000331CBE4200D23B1CDBB27F2922D19A42C5
:102F900032D92F22D21AD2109A18D2B20133DBB210
:102FA0009A4239D8CFB22F2A94D8D31923420CD1C0
:102FB000049DD308DB01EB18160007252E402500E1
:102FC000B5402E005D5C2E435E540132D2B2EAE77A
:102FD000330032008778FF2FD9D0F61901367610EA
:102FE000F6B2371C964200D9171CFAB21F1CB34226
:102FF00000D2371CFBB2CAE7049DD608F601AE1911
:10300000170007252F402500BD402F00755C0132B9
:103010002F437754D2B2BAE7049DDE08F601AE1909
:103020001F0007252F402500BD402F00755C2F4352
:103030007754B3E71E4B19780823012910D17F225A
:103040001C4800930B000131F7F7A2FAF7F732FFA3
:1030500008237F2200930221053BF7F799FA63E7E3
:103060000229F3D100937F2201231348ECE7C046E5
:10307000FC12002044320020DB32002076190020B0
:103080004701002038320020F0320020EC320020CE
:10309000C0000020BB26002028320020FFFF0000D7
:1030A0003C260020C8000020D9320020E032002059
:1030B000CA250020E07F0108EB7F0108824D83498B
:1030C0002F683800EFF730FC804906003800EFF732
:1030D000B1FC7F4C33002200009109A81221F9F7BE
:1030E00083FD002309A81A001900F7F7B1FB02209D
:1030F000FDF724FA774B07AE0021595E30002A68AD
:10310000FDF7B0FF71783378734C00297AD00091C5
:1031100020003021714AF9F767FD012500231922AB
:10312000042120000095F7F70BFCB38872881B047C
:10313000134330216A4A2000F9F756FD0023192273
:10314000282120000095F7F7FBFB664B03931B78C3
:10315000122B02D91223039A1370039B624E1B7821
:1031600032789A4200D9337032780332934201DBCD
:10317000023B337000270C2234785C4B3C19E4B2DC
:1031800062432000D558FCF7F1FE594B1B78002B09
:1031900004D0039B574A1B78A34200D0564A2B0009
:1031A000009020210EA8F9F71FFDFB00DBB21A00EA
:1031B0002032D2B204924E4A1278002A28D0039AC2
:1031C0001278A24224D100252533DBB20593049C5A
:1031D000210001222800F7F79BFB0134059BE4B294
:1031E0009C42F5D90135EDB2802DF0D100210B00C4
:1031F000049A009101370EA8FFB2F7F7A1FB032F45
:10320000B9D193E6302120003C4AF9F7EDFC84E780
:10321000012300930023049A1900EBE7FFF74CF811
:10322000374C384B21781B78374A01330191009095
:1032300018210EA8F9F7D8FC344B354A1B681278D0
:10324000217834489BB200900EA8FDF729FEF1F7D3
:1032500087FDB9E5304C2378002B03D0FDF712FD34
:1032600000232370002213002C4C2D4D20782D4E6E
:10327000D1B288420CD818212B4A00900EA8F9F739
:10328000B3FC2A4B2A4A1B78127821782948DAE7BE
:10329000B15C6918097E002901D00133DBB201322B
:1032A000E6E72549254B264A1B78127825480091E8
:1032B0001021CAE72449254B254A1B781278254856
:1032C00000910521C1E7C046D0250020A08601005D
:1032D00029790108283200206D320020F57F01088D
:1032E00003800108E0250020DF250020EC9801087C
:1032F000DE2500200A80010815800108FE7F0108F4
:1033000008260020BC26002020800108D0320020A2
:10331000D4320020F928010844010020C8320020DE
:10332000C80000200926002035800108CE32002088
:10333000CF320020B90C010835010108CC32002041
:10334000CD32002046800108F5040108C932002072
:10335000CA32002052800108F0B595B00024D84E42
:10336000D84F5022210030003C7004F08BF9D64D2C
:103370002C70200009A9F5F7E9FA06AB5B7B332B2B
:103380000ED121000CA8FDF7ADFE0C9A002A07D043
:103390002B7899000133DBB272502B70142B05D8B7
:1033A00080230134A4B2DB009C42E2D1FFF7E6FAAD
:1033B000FEF790FF96220290D2000021C34804F04D
:1033C00061F900221400C24B1A70C24B0CA8E51818
:1033D000ADB22900FDF786FE0C9EBF4BBF4AF31825
:1033E00093421BD8BE4B1D80FCF7D0FD1822B84D70
:1033F000B6492B7820015343C918BA4B0E3A1B78B3
:10340000CE604B75B84B1B780B750D9B0B61B74BA2
:10341000C018F1F771F92B7801332B700134322C7D
:10342000D3D1B34B1C78002C1FD1B24B1B88002B7F
:1034300002D0029B002B2BD10824F7F771FBAE487A
:10344000022374220C210094F7F7A2F8AB480094F1
:10345000042374220C21F7F79BF8F1F781FCFA2082
:10346000C000F1F757FD15B0F0BD022C10D1984BFC
:103470001B78002B0CD10825F7F752FBA04823003E
:1034800074220C210095F7F783F89C480095DFE73C
:1034900004229C4B01241A70F6F7AEFFFEF7D0FF12
:1034A0003020EFF7E5FF984B18803720EFF7E0FF6B
:1034B000964B18803D20EFF7DBFF954B188043209B
:1034C000EFF7D6FF934B18804720EFF7D1FF924BD1
:1034D00018804820EFF7CCFF904B18807E20EFF744
:1034E000C7FF8F4B18800220EFF7C2FF8D4B18806B
:1034F0003F20EFF7BDFF8C4B18807B20EFF7B8FF24
:103500008A4B18801220EFF7B3FF894B18801120E7
:10351000EFF7AEFF874B18801420EFF7A9FF864B1B
:1035200018805420EFF7A4FF844B18805520EFF744
:103530009FFF834B18807520EFF79AFF814B002186
:1035400018803020F0F788F80A20F1F7E3FCF0F754
:1035500045FB3220F1F7DEFC00213F20F0F77CF83C
:1035600000210220F0F778F800210520F0F782FA18
:1035700000210620F0F77EFA47207349F0F76CF837
:1035800072494820F0F768F80120FEF755FA00204C
:10359000FEF752FA6E4B6F4D1B6831331878287462
:1035A000F5F7ACFE0021E87AF0F7CCFA6A4B6B4AEB
:1035B0001C7004936A4B05921C706A4B12681B685E
:1035C0009B1A2B60FDF750FE80220021664804F014
:1035D00059F80022654B1C70654B1A70FEF7CCFC45
:1035E000624E3278002A09D1624B1978002901D144
:1035F00001F0D1FF1A70FCF72BFDAFE65E4B1A7895
:10360000002A01D101F02BFB00225C4D1A702B78AF
:103610006B70FEF799FF5A4A04002870132800D1F6
:10362000C0E06B7883421AD000231380554B18708A
:10363000102826D1544D2B78002B00D1CEE0534BCF
:103640001B78002B00D0C7E0514BDB7E002B00D154
:10365000C2E0EFF7ADFE01224E4B1A7011E0108868
:10366000013080B21080102C0BD0502809D90A21CB
:10367000EFF7E0F989B2002903D1464B1B78002B04
:10368000D8D0EFF7D1FD444B1B78002B01D0FFF7CA
:1036900053F8424C2388002B01D101F0B6FA404D7B
:1036A000143B28002380F7F713FA2388002B02D15C
:1036B0002B70FFF765FBF1F753FBFDF767FA8FE718
:1036C000E8260020D9320020BE320020782D0020CC
:1036D00008260020CE03000040A3EAFF40A8D4063D
:1036E000603200204732002004260020E07C0000E9
:1036F0000833002006260020B9800108C580010893
:10370000CB800108881A0020BC320020BA32002089
:10371000B8320020B6320020B4320020B23200208D
:10372000B0320020AE320020AC320020AA3200209D
:10373000A8320020A6320020A4320020A2320020AD
:10374000A03200209E32002042600000AAB3000098
:10375000541A0020C8000020470100206801002002
:1037600046010020640100203C2600204632002053
:10377000DB320020473300207C1900204801002064
:103780003A240020A40000204E01002063120020F3
:103790005C1A0020C8250020F6320020F0320020FC
:1037A000E4250020C2490B78132B08D0102B06D03B
:1037B000C0480578002D0AD1108804280AD80023B3
:1037C000138013330B709C4200D033E759E700237A
:1037D0000370F4E71C00F2E7EFF7EAFDB64B1B7845
:1037E000062B00D94DE71800EFF788F807003508D9
:1037F00004090700070007000700B04A11780029F4
:1038000011D00F2C0BD10023AD481370FCF7DEFB59
:10381000AC49AD4A0978AD4B525C1A7031E7AC48FF
:10382000FCF7D4FB2DE7A74AA7481278A7490290D6
:10383000805C0870D81E032800D98FE3EFF75EF88C
:103840000400CB006401B902601E0C2800D918E7FF
:10385000EFF74AF8360017FF40004A005E0017FFF6
:10386000730017FF17FF99000D002000B500994A5B
:103870001378002B09D0013BDBB21370964A116814
:103880008B4200DBFDE61360FBE6944B1B78013BAB
:103890001370F6E691498F4A0978137801398B4203
:1038A0000BDA8D490133DBB213700A6805329A4294
:1038B00000DBE6E6053B0B60E3E600231370E0E681
:1038C000874B04201B78002B01D0013BD8B2FCF7BA
:1038D00029FBD6E6824B00201B78042B01D0013354
:1038E000D8B2FCF71FFBCCE67A4D7C4B2C781B78CA
:1038F000A34200D8C5E62000FEF7D6FF0123794A8F
:103900000134815C2C704B408354774B1870B8E6BF
:10391000704B1878714B1B78834200D8B1E6FEF7E4
:10392000C3FF3222040000216E4803F0ABFE0122E7
:103930006C4BE2546C4B1C70A3E60024260025005F
:10394000684B0293029B1B5D002B06D022000120D6
:103950000021EFF76BF906430D430134322CF1D10E
:103960005F4C624B2278D2009B181E605D60FCF7B2
:103970004BFE22785E4901320CA8F9F721F90CA818
:10398000FCF724FB7DE6534B1C78544B1B78A34279
:1039900000D876E600213222524803F073FE01225D
:1039A000504BE254504B1C700024524B1C70FEF7DD
:1039B00047FDFDF759FC2000FEF76AFB61E6002495
:1039C0003C70FEF73DFDFDF74FFC4A4B20001C709C
:1039D000FEF75EFB55E6201F092800D951E6EEF7F9
:1039E00083FF3300430050FE50FE50FE50FE4B005C
:1039F0000A001D005D00404A1378002B09D0013BEE
:103A0000DBB213703D4A1178994200D839E6137041
:103A100037E63B4B1B78013B137032E6384A364998
:103A200012780B78013A93420BDA581CC0B2087036
:103A300032490A780532824200DB22E6043B0B70F1
:103A40001FE600230B701CE62B4D2E4B2C7800211B
:103A5000185DFDF76FF92A4B1B78013B9C4200DB98
:103A60000FE601342C700CE6234A264B1278012114
:103A7000985CFDF75FF904E61F4B1B78312B00D9EA
:103A8000FFE5204A0121D05CFDF754F9FEF7D8FC90
:103A90000020184B1870FEF7FBFAF2E500243C708A
:103AA000FEF7CEFC134B20001C70FEF7F1FAE8E5A0
:103AB000A4000020C825002044320020F23200205B
:103AC000BC7D01080E330020E8980108F332002085
:103AD000D4800108D4320020D032002008260020F3
:103AE000BC260020120100203B260020C02600201A
:103AF000DD800108DA320020CF320020CE320020F3
:103B0000C832002009260020601E0C2800D9B8E524
:103B1000EEF7EAFE1B00B7FD1B00B7FDB7FDB7FDD2
:103B20004401B7FDB7FDB7FD0D00140047010F219B
:103B3000B04A13780F330B401370A2E50F21AD4A42
:103B4000137801330B4013709BE5AA4800780F28C7
:103B500000D996E5EEF7D2FECF00100035004C00FC
:103B60005E005E006A00B70080009300A700C900F5
:103B70000601F200F8001C019F4A1188032C0FD1A6
:103B80009E4B994200D97CE59D4BFA208B429B418C
:103B900000010340FA2080001B185B18138070E5B9
:103BA000FA239B00994200D26BE5954BFA208B4299
:103BB0009B4100010340FA2080001B18C91A1180A4
:103BC0005FE590490A78032C0AD10132D3B2092B60
:103BD0000CD80B708C495B008C4A5B5A138050E503
:103BE0000923002AF5D0013AD3B2F2E70023F0E727
:103BF000874A5379032C06D10021162B01D80133B3
:103C0000D9B251713DE51721002B01D0013BD9B24A
:103C1000517136E5042806D1033C631E9C41E0B295
:103C2000FDF7DCFF2DE5FCF729FF2AE579490A7845
:103C3000032C0AD10132D3B2052B0BD8764A0B7074
:103C40005B0076499A5A0A801BE5002AF6D0013AB1
:103C5000D3B2F3E70023F1E771490B78032C09D1C4
:103C600000224F2B01D80133DAB26E4B0A700F3AA3
:103C70001A7006E55022002BF7D0013BF4E76A49A1
:103C80000A78032C0BD10023042A01D80132D3B2C5
:103C90000B7066499B00664A5B581380F1E4002A6A
:103CA000F6D0013AF3E763490B88032C06D10022D2
:103CB000312B01D801339AB20A80E2E43222002B80
:103CC000FAD0013BF7E7032C0AD10023022A01D8DE
:103CD0000132D3B2584A1370029AD35C0B70D0E40D
:103CE0000323002AF6D0013AF3E70123534A11785F
:103CF0004B401370C5E4524B524A1978002917D132
:103D00001378032C09D1072B04D9117000224E4BD4
:103D10001A80B6E401331370B3E4002B02D10833E8
:103D20001370AEE4013BDBB21370002BEED0A8E4BD
:103D3000022346481370FCF749F9A2E40123444AE0
:103D400011784B4013709CE40323424A1168994256
:103D500000D1023B1360404A1178022900D190E45F
:103D600013708EE43D490B78032C0CD10022012BFB
:103D700001D80133DAB23A4B0A701B683133187834
:103D8000F5F7BCFA7DE40222002BF4D0013BF1E709
:103D9000032C00D075E4FEF715FF72E4FCF734FC49
:103DA0006FE4FDF761FAFEF74BFB0020FEF770F9B8
:103DB00067E40C2C15D00DD8012C55D00B2C00D05D
:103DC0005FE4284A04211378002B01D0013BD9B2CB
:103DD000117056E40D2C00D053E40020FEF758F982
:103DE0004FE4204C052120780130EEF70DFF2170C3
:103DF00047E4C046CD3200201433002047EE0000D7
:103E00000F270000E5320020F4990108123300204A
:103E1000C8000020E4320020D099010810330020AF
:103E200055010020540100204D010020309A010866
:103E300052010020500100200E3300200D330020DD
:103E4000083300200C33002018330020ED800108D7
:103E50004F010020C4000020C000002049000020C5
:103E6000501A0020CA320020CE4B18780428B4D84B
:103E7000EEF730FD032341595D00C8220021920076
:103E8000C94803F0FFFBC8220021C84803F0FAFB31
:103E9000C8220021C64803F0F5FBC82200215200C9
:103EA000C44803F0EFFB0122C34B52421A60FBF7F8
:103EB000A5FFC248FCF78AF88FE700231900BB4A28
:103EC000B94CBB4DBB4E1078002808D098000019A3
:103ED0000160581901705800801911700180013378
:103EE0000132C82BEFD10122B34B52421A60FBF7CB
:103EF00085FFB348DEE70023AC49AB48AC4CAD4D81
:103F0000CA5C002A04D19E0082515E00E254AA538A
:103F10000133C82BF4D10122A74B52421A60FBF7A0
:103F20006DFFA848C6E7FEF7A3FBA748C2E7A74C6A
:103F3000A74D23882B8000232380C72B06D89A4ABD
:103F40009B009B58002B03D12B882380A148B1E70D
:103F5000FEF790FA238801339BB2EDE7122C01D9CA
:103F6000FFF78FFB2000EEF7C9FCEC02CF008301C6
:103F70005F00EE001300030379019801BF00EA031C
:103F8000B40156022F0432004B00E6038B034F03AB
:103F9000914B1B78002B09D00022824B06201A700F
:103FA0008E4B1A70FEF774F8FFF76BFB0520FEF7D7
:103FB0006FF88B4A1378002B01D0FFF762FB894919
:103FC0000B7089490B7001331370FFF75AFB824B5A
:103FD0001B78002B01D0FFF754FB84490A89132A70
:103FE0000CD9312A02D80533D3189BB201220B8198
:103FF0007F4B1A70FEF75AF8FFF743FB0123F3E7F4
:104000007A4A1389142B0DD83221002B02D0313972
:10401000591A89B211810122754B1A70FEF746F8C0
:10402000FFF72FFB0521F3E76B4B1B78002B4AD0E2
:10403000704B1988002901D1FFF723FB634A4B1EFF
:1040400010889BB2884200D31380481E07905748BF
:10405000128803905648544D029206900798824267
:1040600019DB00200124634A13809A00A8504F4AAC
:10407000D4544F4A5C00D0544E4AA052029A9A42FD
:1040800004D3524A83421CD0023911805A48FBF7AC
:104090009DFFFFF7F6FA501C84002C59A446664693
:1040A00094002E51039C039E245CB454069C069EEF
:1040B000245CB4543F4C4600365B5200165382B227
:1040C000CCE71380E2E701234C4A11784B40137090
:1040D0005A425341C8225B4292001340643A9B18F3
:1040E000474A1380FFF7CDFAFCF7C8FC3F4B454920
:1040F0001A7C454B9200D2180CA8F8F761FD0CA869
:10410000FBF764FFFFF7BDFA334B1B78002B13D08E
:1041100001243E4B3E481A7854401C7000D03D4864
:10412000FBF754FF002C01D1FFF7ABFA00223A4B0A
:104130003A701A70FFF7A5FAFDF71EFF3748FBF734
:1041400045FFFFF79EFA244B1D78002D01D0FFF7A5
:1041500098FA334B1C78022C08D10320FDF798FF06
:10416000304B1D70304B1D60FFF78BFA002C08D1CF
:104170000420FDF78DFF2D4B1C702D4B1C70FFF79D
:1041800080FA012C58D12B4B1A78002A01D0FFF766
:1041900078FA1C70F6F7EEFD2000FDF779FFFFF7C7
:1041A00070FAC046CA320020582A0020C8280020D1
:1041B00090290020382700206C010020FA80010897
:1041C0000A8101081C810108AA7F010844330020EC
:1041D000382400202B810108DB320020C932002066
:1041E000CB320020CD320020CC320020C80000208D
:1041F000E63200201A3300203A810108F73200200D
:104200006001002042810108069301083C33002030
:104210006B8001085B800108DC3200204A810108C4
:1042200008330020D4320020D0320020CF320020CA
:10423000CE320020CA250020D34A03211379002B57
:1042400001D0013BD9B21171D04BD1491B6809682B
:104250005B1A1360FEF7F4F8FFF713FACD4B1B78E7
:10426000002B01D0FFF70DFAFCF7CEF9FFF709FAA2
:10427000C84B1B78002B03D0FEF7FCF8FFF701FAC0
:1042800001232A7853402B7003D0EFF791F8FFF702
:10429000F8F9EFF77BF8FFF7F4F9BE4B1B78002B2A
:1042A00001D0FFF7EEF9BC4A1378022B07D1BB4BC4
:1042B000BB481B68032B04D00123BA4801E002234A
:1042C000B9481370FBF782FE0022B84B1A60FFF763
:1042D000D8F9B04B1B78002B2DD00122B44B5242A1
:1042E0001A60B44B1888002801D1FFF7CAF90123DE
:1042F000B1493B700B88B14A002B19D1031CC82867
:1043000000D9C8239BB25C1E0C800024062800D96B
:104310009C1F14600B8811688B4200DA1360A84A56
:104320009B009858A74B1860FCF7FEFBFFF7A9F914
:10433000013B0B80EEE7A44A1370A44B19780129C6
:104340005DD0022914D0002901D0FFF79AF9A04BC3
:104350001B78013B012B2BD99E4C0023E05EFDF71F
:1043600049FD010020809C48F5F780FDFFF789F9A1
:104370009A4A9B491378002B12D0013B0868DBB2A4
:104380001370834200DA0B60147801212000FCF7DF
:10439000D1FC0122934BE254FCF766FFFFF771F961
:1043A00091480078441E14700628ECD9831FEAE770
:1043B000FCF768FC8D4B1878002811D08C4A8D4989
:1043C0001378002B13D0013B0878DBB213709842AE
:1043D00000D90B70884B12780121985CFCF7AAFC7D
:1043E0000020FDF755FEFEF72BF8FFF74AF9431EB4
:1043F0001370031C062800D20623063BE9E77F4919
:104400007F4A0B68106813605B001B1A0B60FCF797
:104410002BFFFFF736F95F4B187800282CD00122CC
:10442000634B52421A60634B1888002801D1FFF792
:1044300028F90123604A3B701388011C01339BB2A9
:10444000C82800D9C82189B25C48994210D9138084
:104450001388026805329A4201DA5A1F0260584AEC
:104460009B009858574B1860FCF75EFBFFF709F963
:10447000002313800360EBE7534B1870534B1C78F9
:10448000012C52D0022C15D0002C01D0FFF7F9F8E6
:104490004F4B1B78013B012B2CD94E4C01210023A3
:1044A000E05EFDF7A7FC010020804B48F5F7DEFC3D
:1044B000FFF7E7F84C49494A0C781378013C484922
:1044C000A34214DA08680133DBB205301370984256
:1044D00001DA053B0B60147801212000FCF72AFC6F
:1044E0000122404BE254FCF7BFFEFFF7CAF8107000
:1044F0000860F0E7FCF7C6FB3C4B1978002900D1B7
:104500006EE73B4A013913783A488B420ADA04785D
:10451000591CC9B2053411708C4200DB5AE7043BC8
:10452000037057E71470047054E73548334A016844
:1045300014684B001B1B03601160FCF795FEFFF72E
:10454000A0F8144D2C78002C01D0FFF79AF8FBF757
:1045500055FC012301222B70174B52421C80174B34
:104560001C60134B1A60274B3A781A70FFF789F8D2
:10457000084B1B78002B03D0FEF7C8F8FFF781F833
:10458000FEF750F9FFF77DF8C80000206401002015
:1045900068010020DB320020C0000020C4000020A1
:1045A00095800108888001087C800108EC32002099
:1045B0006C0100201A3300204433002040330020D7
:1045C000582A0020E0320020470100200833002054
:1045D0000C3300201833002048320020D432002051
:1045E000D03200201201002008260020C83200200E
:1045F000CF320020CE320020092600205C010020AE
:1046000058010020D8320020D44B1A78002A01D05B
:10461000FFF737F83B780133DBB23B70022B11D93F
:104620003A7009AB1900CE4A31CA31C13A78CD4946
:104630009200D2580CA8F8F7C3FA0CA8FBF7C6FCF6
:10464000FFF71FF8012B14D1C74AC8491368C8489F
:104650005B18C849834206D98B68C748834201D892
:10466000C64B1B6813601068C54B88605860FCF728
:104670005BFA3B78022BD4D10120FDF7DDF9D0E7BE
:10468000C04B1C78002C1AD0BF4BC0491A8801239C
:10469000885C43408B54BE4800D0BE48FBF796FC74
:1046A000FEF730FB0020BC4B1870FDF7C5F9B14A8E
:1046B000538814339380FDF7EBFBFEF7E2FFAA4D1E
:1046C0002B68002B0CD0FDF757FC2868B349A300DA
:1046D000CB58984219D10122AC4B1A55AA4B1C80D9
:1046E0002D68AF492800EEF7A5F928000C00AC4969
:1046F000EEF71AF923000200AA490CA8F8F760FAAD
:104700000CA8FBF763FCFEF7BCFF0134C82CDED11C
:10471000A54A13889C00605001209C49C8549A49BE
:104720000B801B189BB21380C72BD9D900219F4B3C
:1047300011801960D4E7FDF7DBFCFEF7A2FF914C76
:104740002378002B06D09049944A0988894B890028
:104750008A589A60012302203B70FDF799FC237868
:10476000002B21D0884A8D4B12889200D0587F4A66
:104770007F4983188B4206D97E4B986883188B42F9
:1047800001D97E4B18688A4B794A1860774BC31859
:10479000934201D9FEF775FF764B9860784B5860CD
:1047A000FCF7C2F9FEF76DFF3B78002B02D06E4B91
:1047B0001868DCE7784B1B78002B02D0704B5868E8
:1047C000D5E76C4B9868D2E76E4B644D1C78002C93
:1047D00017D000241C70774B774A1B7814703B70FD
:1047E000644B9868FCF7A0F9744B20001C70EFF73D
:1047F00095FD734B20002C701C70FDF749FCFEF7F3
:1048000040FF2C7001251C706E4B20001C606E4B0D
:1048100034701C80604B3C701C70049B1C70FDF756
:104820000BF9FBF715FC694B1D70694B1C70F5F714
:10483000E3FD3220F0F76EFBF5F760F8022120006F
:10484000F4F7ACFAF4F7D6FB2800F4F76FFCF6F7B0
:1048500067F9FEF716FF0E2C01D9FEF712FF2000B4
:10486000EEF756F83C0000003C0000003C00000061
:104870003C0000003C0000003C0000003C00000048
:104880003C0000003C0000003C0000006C00000008
:104890001EEEFFFF1EEEFFFF440000003C00000084
:1048A000F6F776FAFEF7EDFEF6F7F8FA041E0AD1EF
:1048B000F6F750FA2000FDF7EBFB434B1C80454B0D
:1048C0001C70FEF7DEFE0D20F6F762FAFEF7D9FE49
:1048D000F6F7EAFA404B5B6B984201D9FEF7D1FE3E
:1048E0003C4C2378012B0FD1F6F7DEFA1F4B204A00
:1048F000C318934200D93948394B186002232370FA
:10490000F6F738FAFEF7BDFE022B01D0FEF7B9FE2E
:10491000F6F730FAF6F7C8FA144B154AC318934263
:1049200000D930482E4B30491A680860824201D9BC
:1049300018600A601B68059A002513600A682B4BF3
:1049400025701A6001222A4B1A70FCF7E7FBFCF76E
:104950008BFC2800FDF79CFBFEF793FEE63200205F
:104960009077010852810108E032002040A3EAFF5D
:1049700040A8D40628320020BF5C15006801002042
:1049800038320020DB32002044330020C8280020C9
:10499000AE800108A5800108DC320020582A0020E2
:1049A000A08601005B8101081A33002040330020FB
:1049B000D0250020D83200203C330020F6320020E1
:1049C000D4250020E8320020D632002050190020E3
:1049D000881A0020CA250020F8910108C05C150043
:1049E0005C0100200005EA06580100206401002057
:1049F00008330020A01E102801D9FEF742FEEDF773
:104A000087FFC046E0000000440000007EECFFFF8E
:104A10007EECFFFF7EECFFFF98F3FFFF000100003C
:104A20004E000000BE01000098000000560000008B
:104A3000CC0100002001000040010000B601000090
:104A40007EECFFFF600100000120FDF7C7F8FEF7D4
:104A500018FEFCF713F8FEF714FEB54B1B78002B7D
:104A600006D0B44B01211878FBF7C8FAFEF709FE0F
:104A70003B78002B01D1FEF704FEAF4AAF4B5279D1
:104A80005200D05AAE4B1A6880181860AD4B98602F
:104A9000AD4B5860FCF748F8FEF7F3FDA44B1B78CC
:104AA000002B06D0A34B00211878FBF7A7FAFEF7DE
:104AB000E8FD3B78002B01D1FEF7E3FD9E4A9F4BBA
:104AC00052795200D15A9E4A13688B4201D95B1A1F
:104AD000136010689B4B98609B4B5860FCF724F860
:104AE000FEF7CFFD924B1B78002B01D1FEF7C9FDDD
:104AF000904A1378002B01D1FEF7C3FD013B1370E0
:104B0000FEF7BFFD8A4B1B78002B01D1FEF7B9FDE4
:104B1000884A1378112B01D9FEF7B3FD01331370C6
:104B2000FEF7AFFD8949844A0024085F53790130BC
:104B300000D10B800021162B01D80133D9B251715D
:104B4000FEF79FFD81497C4A0024085F53790130BC
:104B500000D10B801721002B01D0013BD9B251713C
:104B6000FEF78FFD3B780133DBB23B70022B03D99C
:104B700000233B70FEF785FD012B14D1744A754963
:104B8000136875485B186F49834206D96C4B7348AC
:104B90001B68834200D88B68136010686A4B88607A
:104BA0005860FBF7C1FF3B78022B01D0FEF769FD8F
:104BB0000120FCF741FFFEF764FDFDF799FAFEF7CF
:104BC00060FD01235A4A11784B401370FEF759FDDE
:104BD000574B1A78002A03D000221A70FEF751FDB5
:104BE0005A4A0021535E591C06D053494B71012388
:104BF0005B421380534A9381002420003C70FDF7F0
:104C000047FA574B1C80FEF73CFD564B1B78002B98
:104C10001FD1554B1B78002B1BD13B78002B18D193
:104C20004F4B1888002814D1504A514D13682968F9
:104C30001C000A312960FA210A34146089008C4270
:104C400007D34C495B1813604B4A4C4B11881080BA
:104C500019804B4A1368002B01D0013B1360494B6C
:104C60001A78002A3AD000221A70474A1388002B7B
:104C700001D0013B1380454CE37E3C2B04D81388C4
:104C8000002B01D1EEF782FB414A1378002B01D0B3
:104C9000013B13703F4B1B78002B0BD01378002B7C
:104CA00008D13D4D2B78002B02D13C48FBF78EF903
:104CB00001232B703A4B1B78002B0FD0CA3423787A
:104CC000052B0BD90121374C062023785940217040
:104CD000EEF7D0FE05202178EEF7CCFE224C2378AB
:104CE000002B0CD0264B1868002808D10121207019
:104CF000EEF7C0FEEEF772FF0A20F0F70BF9194B42
:104D000002931B78002B51D1274B1B78002B4DD0E1
:104D10003B78002B4AD12378002B47D10A4B5868A7
:104D2000FBF702FF0120FCF787FEFEF759FCC046A7
:104D3000DE250020E0250020C8000020789A010828
:104D4000D02500202832002038320020A600002084
:104D5000E032002040A3EAFF40A8D406BF5C150063
:104D6000D632002047010020E63200200433002024
:104D7000FC32002022FCFFFF023300200033002021
:104D8000E83200207E190020661200205C1A002004
:104D9000F33200200E330020F23200206981010836
:104DA000F63200203C240020DC3200206B4B1A78C5
:104DB000002A03D000221A70FCF7B0F9029B1B787E
:104DC000002B00D03CE1664B22781B78002A00D0F3
:104DD00036E1644E3278002A00D031E13A7813434C
:104DE00000D02DE1604B1B88002B00D028E15F4DE7
:104DF000A868FBF799FEFBF7DDFCAB880400288070
:104E0000834200D2A8806B88834202D9002800D058
:104E10006880AD6856492800EDF70CFE00293BD0AC
:104E20000023544A544998001058854202D1C85C66
:104E3000002831D10133C82BF5D150490B78002B14
:104E400005D000224E4B0A701C80464B1A704D4B09
:104E500003931A894A4B322A22D100229B5E4A4A86
:104E600012889B189C420ADD484B404A5D60D289FB
:104E70001A810023029A33701370FBF7AFFC394B91
:104E80001B780293029A3E4B002A03D0404A1278C4
:104E9000002A2AD11C802CE00024344B1C80CCE753
:104EA00031780029EBD100215B5E9B189C42E6DD46
:104EB0000A20F0F72FF8FBF77DFC23002B4A0A337A
:104EC0000500108098420DDD304B91685960D28901
:104ED000013A1A81039B1B89312B03D801233370BC
:104EE000FDF78CFC214B1D80C9E700215A5E9442DE
:104EF000D0DB284B1B78022B6BD0FBF7EDFD1B4B57
:104F00000600DD89802849D801008020EDF796FD54
:104F1000310083B280200393EDF776FE039A88B2C6
:104F20006A430B1C92B2A84200D92B1CD31801353E
:104F30009BB28D4200DD0D0003998E18AD19291C1E
:104F4000ADB2802D00D98021134A89B29A189942B6
:104F50003FD9013314709BB20132F8E746010020BB
:104F600044320020DC320020D632002028320020DB
:104F700020D61300582A0020C82800209C000020BA
:104F800036240020C80000205001002038320020C4
:104F900047010020C00000203C2600209868C14A3C
:104FA000C14B15681B68ED1A632D12D9C01A642114
:104FB000EDF7BAFC7F26642146432800EDF7B4FCE8
:104FC00001003000EDF7B0FC030602D4B74BC0B2CD
:104FD0001C54029B002B33D13B78002B30D1B44BB7
:104FE0001B88002B2CD1B34A138801331380B24B9A
:104FF000B24A1B78002B0FD0B1490B78002B0BD095
:10500000B04B1B78002B07D0029801330870AE48D4
:10501000AE498068137008601378002B00D1D8E087
:10502000013BDBB21370591EA94A8900A6488A5871
:105030008260002B04D1A54B1B688360FCF728FF1E
:10504000A44B1A78002A00D1A5E00022A24C1A70C5
:105050002378934207D13B78934204D1944B1B8829
:10506000934200D197E0FBF7A5FB974B9B4E9C4DDD
:10507000029318802A7833789A4210D0002B00D1FE
:10508000FEE054209749EEF7E7FA97495520EEF7EE
:10509000E3FA96497520EEF7DFFA33782B70944DDA
:1050A000944B69681868944A814200D0F2E01388F2
:1050B00001339BB21380012B25D9904B1B78002B19
:1050C0000AD18F4B1B78022B06D18E4B8E48198844
:1050D0008E4B1980F4F7CAFE3B78002B01D1FBF709
:1050E0007DFB8B4B1B78052B07D901210520EEF7A3
:1050F000C1FC00210620EEF7BDFC864B1B78002B7F
:1051000001D0EEF755F9FDF779FB2378002B0AD192
:10511000FDF76CFB804B1B78834204D901207F4B49
:105120001870FCF789FC7E4B69681A687D48C832A4
:105130001A607D4BCB1883421CD87C4B1878002812
:1051400018D0002018707A4B7A4D1C88030098B252
:1051500084420FD9581C8600AE59B14200D09FE05E
:10516000E12475485B00195A2401A14200D395E05F
:1051700001311952714B1988002900D104E1FA2339
:105180009B004B439A4200D2FEE03B78002B00D0BC
:10519000FAE0FCF7F1FE6A4B1A78002A00D189E1A7
:1051A000002200211A706748803202F06BFA544BDB
:1051B00000241878644D082800D903E1EDF79EFB20
:1051C000DA01FD00D801DC01DC01DC01DC01DC01DD
:1051D000DC015E4B1B78002B4FD05D4B1B78002B06
:1051E0004BD0534B1B88002B12D01A1CC82B00D954
:1051F000C8225849584D0C8892B2230001339BB203
:10520000934280410340E85CA3421FD100281FD095
:10521000524B1B78002B02D00022514B1A60514D8B
:105220002B88002B00D10BE7274BDC89002C00D00A
:1052300006E7EEF79DFD21002000EEF71BFC0122A2
:10524000494B1A70494B2A881A60F9E60028D5D1D3
:105250000B8047490A689A4209DD0B6045499B006B
:10526000194A5B58936000222D4B1A60D0E7053233
:105270009A42F3DA5A1F0A60F0E7FCF709FEC7E723
:1052800054203D49EEF7E8F93C495520EEF7E4F9A2
:105290003B49FFE619600023138034E7394968E78A
:1052A000030054E764010020680100203C26002030
:1052B000D6320020023300204F0100201633002098
:1052C0007D190020BE32002028320020C425002095
:1052D000E82600207B190020470100200D33002024
:1052E00034240020D19000007132000013FC000033
:1052F000383200209800002032240020083300209B
:105300000C33002060320020483200201833002087
:10531000261B00204E01002054010020DC3200201A
:10532000EC32002040A8D40640A3EAFF7519002003
:105330001A330020542A002038270020123300207E
:10534000791900207C1600206D3200203C330020AB
:10535000DB32002044330020C8280020F83200202F
:10536000FC32002010330020E6320020E83200201A
:1053700040330020582A002009900000A931000085
:105380000BF500000F0E0000854B86491A78002AA5
:1053900003D0854B1B880B80FDE60B888348834236
:1053A00000D9F8E6C82B01D9C83BF4E7029B0A8074
:1053B0005B88029A14339380EDE67D492800F7F765
:1053C000FFFB04003B787B4E2819012B00D1D5E070
:1053D000022B00D1D6E0002B0FD1774B190002939E
:1053E000F7F7EEFB3289241802992819322A00D1E6
:1053F000C5E07249F7F7E4FB2418F27A704992008D
:105400009446327C6F4B92005218029262466E4D67
:10541000D35860196D49029AF7F7D2FB6C4B2418E8
:105420001B78002B00D1AFE0FBF710FE021E03D06B
:1054300068496019F7F7C4FB01240021230022000A
:1054400028000094F5F77CFA634B644E1888644991
:1054500002191A8003231840A0408019F2F770FD4A
:10546000BE207288338880009B18B2889B18F2880F
:105470009B189B1058435B4BD988EDF7DFFA80B23D
:10548000F2F7C4FF584902002800F7F799FB230000
:105490000022802128000094F5F752FA4C4B1B782B
:1054A000002B03D0514B1B68C82B01D8EFF763FCCE
:1054B000FDF766FC4E4B1A78002A33D14D4B197814
:1054C000002919D01A70424B1B78002B0BD14A4B84
:1054D0001B78052B07D901210620EEF7CBFA012115
:1054E0000520EEF7C7FA454A1388013B9BB21380AB
:1054F000002B01D1424A1370424B1A78002A11D076
:1055000000221A70324B1C7894420BD13A4B1B7814
:10551000052B07D921000620EEF7ACFA2100052063
:10552000EEF7A8FA384B1A78002A01D1FEF7C5F831
:10553000364A1278022A01D8FEF7BFF800241C7000
:10554000334B0CA81988FBF7CDFD324B0C9A1B6826
:105550009A601A0031321470022228331A70FBF755
:1055600033FC3220EFF7D6FCFCF74AFDFEF7A5F836
:10557000294923E7294921E729491FE72949F7F75D
:105580001FFB39E72849FAE77279284B920028492E
:10559000D25860194EE7FAF75BFDFDF764FFC0468D
:1055A000DC320020D63200201433002048EE000008
:1055B00070810108C8000020757A01088F810108F8
:1055C00006930108AC0000206D320020998101088B
:1055D00047010020A28101080E17002018170020A3
:1055E0002017002024170020AE810108EC32002093
:1055F000CB25002078190020261B00200A3300202C
:10560000D4250020771900207A1900200C330020BF
:10561000183300204C1A0020778101087F8101088F
:105620008881010895810108B97A0108A89A0108C2
:10563000A8810108022210B50E4B0F4CA16811423F
:1056400009D001210D4A0B4B1070A06808420AD006
:105650001078C0B206E0013B002BEFD10122084BCD
:105660001A60FF2010BD013B002BEED1044B1960E6
:10567000F7E7C046204E0000003800400C380040DC
:105680004833002003210C4A0C48536810B58B4363
:105690005360036802398B430360094803688B43F6
:1056A00003604123074894680C4202D0013B002B61
:1056B00000D110BD0478F6E70038004044000240F5
:1056C000580002400C380040F7B5012405000E00D8
:1056D000FFF7D8FF6442002E03D0234B1B68002B3A
:1056E00001D0E043FEBD802337001B019E4200D95C
:1056F0001F00EFF31083019372B6A0220823D20596
:1057000093620320FFF796FF280CC0B2FFF792FFC9
:10571000280AC0B2FFF78EFFE8B2FFF78BFF002325
:105720000093114B1B68002B13D1FF20FFF782FF62
:1057300008230E49444001206208044064420C40A2
:10574000013B5440002BF6D1009B1B1800939F4255
:10575000E7D1A0220823D2059361019B83F310882F
:10576000ED19F61BB7E7C046483300202083B8ED9B
:10577000F8B505000C001600FFF784FFEFF3108763
:1057800072B6A0230822DB059A620320FFF752FFBE
:10579000280CC0B2FFF74EFF280AC0B2FFF74AFF3D
:1057A0000020FFF747FFA619084B1B68002B06D106
:1057B000FF20FFF73FFF20700134B442F4D1A02353
:1057C0000822DB059A6187F31088F8BD4833002072
:1057D00070B5EFF3108672B6A0240825E405A56223
:1057E0000620FFF727FFA56186F3108870BD000033
:1057F000F8B5A02508260E4CED05EFF3108772B61C
:105800000520AE62FFF716FFFF20FFF713FFAE6122
:10581000030087F31088074A1268002A05D1012087
:10582000034203D0013C002CE7D10020F8BDC04664
:10583000404B4C0048330020F8B50400FFF7C8FF88
:10584000124D2B68002B01D00020F8BDEFF310871C
:1058500072B6A0260823F605B3622020FFF7EAFE01
:10586000200CC0B2FFF7E6FE200AC0B2FFF7E2FE4E
:10587000E0B2FFF7DFFE0823B36187F310882B68DF
:10588000002BE1D1FFF7B4FFDFE7C046483300202B
:10589000F0B50400160085B00191002E01D1012061
:1058A00006E0FFF795FF254F3B68002B02D0002054
:1058B00005B0F0BDFF25802325405B005D1BB54290
:1058C00000D93500EFF31083029372B6A0230822AB
:1058D000DB059A620220FFF7ADFE200CC0B2FFF795
:1058E000A9FE200AC0B2FFF7A5FEE0B2FFF7A2FEB4
:1058F000019B0093EB1803933B68002B09D1009B9D
:105900001878FFF797FE009B039A013300939342A8
:10591000F2D1A0230822DB059A61029B83F3108851
:105920003B68002BC3D1FFF763FF0028BFD0019B6A
:1059300064195B190193761BAFE7C046483300201A
:10594000030070B507200C00042B36D800221D4D33
:10595000013358042A604032FFF70AFF2B68062003
:10596000002B2AD16278217812020A43A1780538E7
:1059700009041143E27812060A4313498A421CD1F2
:105980006279217912020A43824217D8E279A17919
:1059900012020A43024213D0627A217A12020A43A7
:1059A000A17A09041143E27A12060A43EC21013A72
:1059B00049028A425B419B00D8B270BD0220FCE7DD
:1059C0000320FAE748330020464D4231F7B50C007A
:1059D00016000190FFF7B4FF051E27D1144F386061
:1059E000627A237A12021A43A37AE17A1B041343E0
:1059F00009061943019B580484239B02C018FFF732
:105A000063FE002E00D030603B68002B0DD1637B1D
:105A1000227B1B021343A27B12041A43E37B1B0667
:105A20001343984202D0052500E006252800FEBD5C
:105A300048330020002310B5CA5C002A01D1DBB234
:105A400003E0C25401330F2BF6D11022D21A0021E9
:105A5000D2B2C01801F016FE10BD00B591B00029F9
:105A600000D16946FFF7B2FF11B000BDF0B597B0A5
:105A70000391002206A90400FFF7A8FF051E53D1D9
:105A8000EFF3108672B6FFF7FDFDEEF7E7FE314A41
:105A90003148130031498A4249D3BFF34F8FBFF3D6
:105AA0006F8F2D4A8B4248D32D4B5A69002A03DA57
:105AB0002C4A9A602C4A9A602C4B2D4A5B68FF272F
:105AC0001B045B0F9B009B581A6898681969019129
:105AD00099690291196A13003B409C466646254B22
:105AE0005E60D601120A3A40F60D9E605A61019A34
:105AF0000740D603029A4001D203400DF60BD20BA9
:105B0000DF6018619E61DA618AB28900890C1A62CD
:105B10005962194B6104059384239B02C918059EA1
:105B2000039B089A1548B047280017B0F0BD0778C6
:105B30000130FFB217700132ADE75F1C501C1B78BB
:105B40001278934202D13B000200ABE786F3108843
:105B50000925E9E7240200207C9D0108C0050020FA
:105B60000020024023016745AB89EFCD00100240C1
:105B7000089B0108FC200240E502002000280008E4
:105B800000B591B0002900D16946FFF7D9FE11B0E8
:105B900000BD0000431E70B504000720032B13D87E
:105BA00000220B4B651C1A60FFF76CFD02346D047C
:105BB00064042800FFF740FE002806D080235B0124
:105BC000ED18A542F5D1002070BD0620FCE7C046C7
:105BD00048330020F8B51D00431E04000F001600D6
:105BE0000720032B02D8002D01D10020F8BD80230F
:105BF00004209B029942F9D85B1AAB42F6D30022EB
:105C0000074B01341A60FFF73DFD60042A003100A4
:105C1000C019FFF73DFE0028E7D10630E6E7C04691
:105C2000483300200123F0B502000125094E411838
:105C30005B42914201D1D843F0BD08241078434023
:105C40005F082B405B423340013C7B40002CF7D186
:105C50000132EEE72083B8ED002370B5594D1822CC
:105C60000C002B60FFF784FD29680423002929D14B
:105C70006278237812021A43A3781B041343E27854
:105C800012061A430223501C1CD04F4B9A421BD1C0
:105C900066792279F543EDB20323954212D1042DA2
:105CA00010D81422201D01F0EDFC46232370073389
:105CB00063700333A3701F3BE37025746674A5748F
:105CC000E674303B180070BD404B9A4243D1657C6E
:105CD000227CED43EDB203239542F3D1042DF1D89C
:105CE000EC21627A237A12021A43A37A49021B0436
:105CF0001343E27A12061A43013A03238A42E1D29D
:105D000014212000FFF78EFF627D237D12021A43CB
:105D1000A37D1B041343E27D12061A430323904222
:105D2000D0D143332370073363700333A3701D3B1B
:105D3000E370EB43DBB26374E37414212000A574B9
:105D4000FFF770FF030A20756375030C000EA3753F
:105D5000E0750023B6E71E4903238A42B2D1627C74
:105D6000217CD243D2B28A42ACD1042AAAD8E27CA6
:105D7000A17CD243D2B28A42A4D1042AA2D8EC2177
:105D8000627A237A12021A43A37A49021B0413434C
:105D9000E27A12061A43013A03238A4200D391E7BA
:105DA00014212000FFF73EFF627D237D12021A437B
:105DB000A37D1B041343E27D12061A430323904282
:105DC000C7D07FE748330020464D5031464D503212
:105DD000464D503370B5050080208CB00C00400358
:105DE0006946FFF739FF06A906002648FFF734FF8A
:105DF000042E45D0042816D033000343DBB2002B19
:105E000013D1079B019A9B1A002B20DC8026694640
:105E10007603002D03D01822280001F051FC002C3D
:105E200000D0266000200CB070BD002EEED00028FF
:105E30000DD0012E0ED1002D04D018226946280065
:105E400001F03EFC002C10D080235B0310E00D4ECF
:105E500006A9DEE701280DD1002D04D01822280064
:105E600006A901F02DFC002C01D10120DBE7054B38
:105E70002360FAE7022E01D10228D4D00320D2E712
:105E80003000D0E70010100070B51D00462386B02A
:105E9000037007334370033383701D3BC3700023CB
:105EA00004000E0099420AD1537911791B020B4369
:105EB000917909041943D3791B060B4301331A0A5C
:105EC000237162711A0C1B0EE371237C1421DB43D6
:105ED0006374A37C2000DB43A271E374FFF7A2FE8E
:105EE000030A20756375030C000EA375E075012E7F
:105EF00015D8194BED186B425D4180232D035B03D0
:105F0000ED180022154B1A60FFF7BCFB2800FFF7C5
:105F100093FC002806D10625280006B070BD802518
:105F20006D03EEE7182221002800FFF7B1FC0028DE
:105F3000F1D028006946FFF78FFE05000428EAD05B
:105F4000002806D118222100684601F0D6FB00285F
:105F5000E2D00525E0E7C0460000F0FF483300200E
:105F6000421E03000020032A01D80B331804704797
:105F700010B50021FFF72EFF10BD002370B59EB0B5
:105F800005000724019304281ED80EA9FFF7D8FCAA
:105F9000041E19D101A908A8FFF71CFF0600042858
:105FA00015D02100182202A801F06CFB109B3100D3
:105FB0000493119B08AA05936B4602A81D769D7653
:105FC000019BFFF761FF040020001EB070BD062496
:105FD000FAE70000421E072370B5032A17D8FFF71F
:105FE000BFFF0400EEF73AFC00220B4B1A60FFF7EC
:105FF00049FB80235B02E5182000FFF71DFC002809
:1060000007D080235B01E418AC42F5D100231800CF
:1060100070BD0623FBE7C0464833002010B590B0A2
:106020006946FFF78DFC03000220062B0BD00138D8
:10603000002B08D102990548FFF7F4FD039C201AB4
:10604000431E9841C0B210B010BDC04600280008E1
:10605000030010B5002820D0417A027A09021143CA
:10606000827A12040A43C17A002009061143EC2205
:106070004C1E5202944210D2587B1A7B00021043ED
:106080009A7BDC7B12040243240604481443FFF786
:10609000C9FD201A43425841C0B210BD0028000873
:1060A0000023F0B5314F93B08024FC2501903B6074
:1060B000FFF7E8FAA402AD022000FFF7BDFB0028BD
:1060C00002D1062013B0F0BD80235B01E418AC427E
:1060D000F2D1EC2500246D0280232E1B5B019E4231
:1060E00000D91E00224B3200E11884239B02E018E5
:1060F000FFF7CEFB0028E4D0019BA419002B02D0AF
:10610000290020009847AC42E6D3EC211848490208
:10611000FFF788FDEC210600842049028002FFF78A
:10612000D3FA3F680400002FCBD10520B442C9D177
:106130003022390006A801F0A5FA0E4B0E49029351
:106140000E4B06A8039304950594FFF773FC0C49C6
:106150000AA8FFF76FFC8020402202A98002FFF707
:1061600097FB0028ADD03800ACE7C046483300208C
:1061700000280008464D4231EF820108010001006D
:10618000FC7B01080C22094B0949C12010B55A5467
:1061900012218000195407481954DF2189005A54EC
:1061A000054821216A3201F06DFA10BDFC12002071
:1061B000030300007B03000001160020030076208B
:1061C00010B50400002905D05843ECF7ADFBA04200
:1061D00000D9200000232D21044A984202D1EEF775
:1061E000BFFD10BDD1540133F7E7C04601160020B2
:1061F00070B580250024ED00084B1B692B4206D1A9
:1062000000240A20EEF786FE0A2CF5D170BDEEF7C9
:1062100071FC1328F4D10134E4B2F2E70004005019
:1062200010B5EEF767FC0400132810D01E20EEF71F
:1062300071FEEEF75FFCA04209D1EEF75BFC13287C
:1062400001D1200010BD0A20EEF764FEF5E70A2018
:10625000EEF760FEE5E7000007B5F4F76BFC5E23A0
:1062600001935D3B0022084800932221F4F7B4FB20
:106270007C230820054A9178013B0143DBB29170F1
:106280000132002BF7D107BDF8820108FC12002073
:1062900070B50D0006001400F4F742FCFFF7DCFFB8
:1062A00002237E2219003000F4F7D6F9002D05D024
:1062B00004237E2202212800F4F7CEF9002C05D019
:1062C00006237E2202212000F4F7C6F9EEF753FDE3
:1062D000EEF746FD70BD0000F7B5060008000D00A2
:1062E0001F24ECF7CDFC01271423241A01930097F7
:1062F0000023062204211048A400F4F76DFBE4B249
:1063000030000097002331221A21F4F719FB2100F5
:10631000A31FDBB21639019300970023062207481A
:10632000C9B2F4F759FB280000970023312221005D
:10633000F4F706FBF7BDC046088301080D8301088A
:1063400070B5094A06000D0008480021FFF7A0FFBC
:106350000024A101E0B200227118FFF77EFB28554E
:106360000134052CF5D170BD128301081E8301088C
:1063700010B5F4F7D5FBF4F7DDFB01237E220221F3
:106380000C48F4F769F90C4803237E220221F4F744
:1063900063F9FFF7F7FEEEF7EEFCEEF7E1FCEDF741
:1063A00007F80648FFF77CFE002801D1FFF7E5FD5E
:1063B000002010BD308301083A830108BD61010847
:1063C00010B50400F4F7ACFBFFF746FF20000123F3
:1063D0007E220221F4F740F903237E22022108489D
:1063E000F4F73AF905237E2202210648F4F734F93E
:1063F000FFF7C8FEEEF7BFFCEEF7B2FC10BDC046DB
:106400003A8301084B8301080023CA5C002A03D0A9
:10641000C25401330C2BF8D10022C2547047000043
:106420000022F0B51100E3B0C148FFF731FFECF7EF
:10643000BFFFFFF7DDFE0AA912A8FFF781FFBD4BE2
:106440001C78042C05D8102206AB9B181B5D002B72
:1064500008D00023102106AA5218D25C002A00D0CE
:10646000C9E0DCB20026F4F75BFBFFF7F5FEB24BA8
:10647000039316AB0493F3B207930133DBB20D22FF
:1064800000210EA8069301F0FDF8082200210CA8B7
:1064900001F0F8F84D23002E02D0F3B23033DBB216
:1064A00009AA1370002353700AABF35C002B00D0D1
:1064B000B4E00499013310310A0005911578002DDC
:1064C00024D0762D00D09BE050783038092800D9B0
:1064D00096E006AA1576012230277F42BC46059930
:1064E000D5B2C85C84446746092F01D92E280DD146
:1064F000182106AF7F18B8540132072A00D186E070
:106500000133D8B21028E7D10135EDB2B8235B00D2
:1065100006AAEB189B180022593BFF3B17001A7084
:10652000954203D07E23AF00DF1BFFB2049B1B7894
:10653000002B6ED0102204990EA8FFF765FF0022F1
:106540000221069B09A8F4F787F800220E21069B7A
:106550000EA8F4F781F8002D0AD0079B3900DA0065
:10656000012309320093D2B200230CA8F4F7E8F912
:10657000079B9C4223D1039B80271A787F2353409B
:10658000039A7F421370511C802252429446F301B9
:106590005B429C448D325B4208780132C0430870F4
:1065A00060460D18E85CD2B27840E8540131602AA8
:1065B000F2D17F23039A543211784B401370039B1E
:1065C000013680330393049B40330493052E00D09F
:1065D00051E75A495A48FFF77FFEEEF7CCFBEEF73A
:1065E000BFFBFFF71DFE0A38032800D93AE7ECF796
:1065F00071F9342C32220133052B00D02AE731E720
:1066000001330132102B00D058E700257EE715003A
:106610007CE7002D93D1102205998DE74949092B7C
:1066200002D8494A9B009958002714220EA8FFF768
:10663000EBFE3D0083E71322444B1A70444B1A7063
:106640000022444B1A8063B0F0BD201D0521ECF7F9
:10665000F1F9CCB206E7601CF8E7102206AB9B18F4
:106660001B5D002B0CD03749092B02D8364A9B0002
:106670009958394A3948FFF70BFEFFF7D1FDF1E68B
:106680001022260036490EA801F01AF82D223036C5
:1066900006ABF6B29B18334F1E700EAD002C00D027
:1066A0002F00F4F73DFAFFF7D7FD03237E220221E6
:1066B0003800F3F7D1FF2C492C48FFF70DFEEEF719
:1066C0005AFBEEF74DFBFFF7ABFD0A2800D0C9E6F9
:1066D0002000FFF752FC204F002803D03A00244945
:1066E0002448C8E70F222800234900F0E9FF234887
:1066F0006E73002C00D02800FFF762FE20492000B6
:10670000FFF7B4F9102206AB9B180E49185509285B
:1067100002D80D4B8000C1583A001A48FFF7B8FD67
:10672000FFF77EFD0AA912A8FFF70AFE9AE6C04607
:10673000958301087001002088130020A2830108BE
:10674000A78301085C830108289B01081100002031
:1067500010000020FA1200206C830108AE830108AB
:10676000F78301087A830108BD830108C283010809
:10677000CA830108DB8301080784010888830108B4
:10678000FC150020E7830108F0B5032487B06846B4
:10679000FFF7EEFB0500042802D10A20EEF7BAFB52
:1067A000013CE4B2002C01D0042DF0D0002D0ED11C
:1067B0006846FFF74DFC00285ED06B46187C9C7C39
:1067C0002F4B187020002F4B1C7007B0F0BD012D0F
:1067D0000FD00024012726002000FFF71FFC02280D
:1067E00004D12000FFF71AFC02281BD0002826D174
:1067F0001DE06B46187C0428EBD8FFF70FFC02283D
:1068000009D16B46187CFFF709FC022803D16B46BF
:10681000187CFFF703FC0028DBD16B46187CFFF7E0
:10682000ACFBCAE72000FFF7F9FB002804D12000E9
:10683000FFF7A3FB2000C3E7022800D13E0001348C
:10684000E4B2052CC8D1002E03D1033DEDB2012DD9
:1068500012D800210800FFF793F9FD231840012802
:106860000AD0ECF7A5FD084A08490948FFF710FDD2
:106870006420EEF74FFBFBE7FFF77AFD00249FE76C
:10688000700100204C330020168401082484010884
:10689000DB83010870B505000E00064B1C68002C58
:1068A00000D170BD2369002B02D031002800984729
:1068B0002468F4E75C33002007B50200937801A850
:1068C0000370537911791B020B435B055B0D438009
:1068D000D37803221340437000F0FAFA4342584140
:1068E000C0B20EBD6023F0B5A44C87B025782B4014
:1068F000202B00D128E1402B00D161E1002B3BD1BE
:1069000003331D40012D00D184E0022D00D1F0E0C1
:10691000002D31D16078638809282DD8EBF7DAFF94
:106920008C082C082C050A2C3A3ED8B200F0C4FA88
:1069300000230CE0190ADBB203290BD1EE2B15D191
:106940008F4B1B68002B17D01A68A2601B7923613C
:10695000012012E00F2907D18A4B1B68002B0BD0B6
:106960001A685B68A260F2E7032905D80020A269D3
:10697000CEB21578002D02D1002007B0F0BD5778B7
:10698000B74203D1834200D156E101305219F0E7FA
:106990001378DCE77C4BA3600123D8E7FF270026B0
:1069A000DBB2A569009301972978002909D123005A
:1069B000009AAD331A702300AC33002E22D11E7022
:1069C000B6E76B78042B09D0052B0CD0022B07D12E
:1069D0006F79009BBB4203D1012601E0EB78019364
:1069E0002B78ED18E0E7009BBB4202D1019B002B06
:1069F00003D0A87800F0FEFAF2E72800FFF75CFF6A
:106A00000600EDE7012207201A70FFF743FFF6F7B3
:106A100071FD8DE72300AD331B78002BACD060787F
:106A2000638827790B28A7D8EBF74AFF06A6A6A606
:106A3000A6A60DA6A6A62D310023A2681370A268F3
:106A40005370023383E71B0A212B0CD14F4B1B6879
:106A5000002B00D190E75A1CD27FBA42F7D15B6974
:106A6000A360092373E7222B00D085E7474B1B68FF
:106A7000002B00D180E75A1CD27FBA42F7D19A6925
:106A8000DB69A26063E70022A3681A7084E7DBB2C7
:106A9000FF2601930023A569009602932B780393A8
:106AA000002B05D108200299FFF7F4FE039B4EE767
:106AB0006B78042B04D0052B0DD02B78ED18EDE767
:106AC000EB78AE780093B742F7D1019B009A9342DE
:106AD000F3D10295F1E7B742EFD1019B009A9342BF
:106AE00003D0A87800F086FAE7E72800FFF7E4FE75
:106AF000E3E72300AD331B78A088002B00D13BE7F0
:106B00006678C0B2012E10D0032E17D0002E00D010
:106B100032E704ABDF1D390000F0BCFAA3683A7815
:106B20001A70A3685E70256112E76388002B02D19A
:106B300000F088FA0CE7002323611DE76588002D2B
:106B4000F9D100F059FAEEE703231D40012D25D1BC
:106B50000E4B22791B68002B02D1012040420AE033
:106B60005D68002D18D0591CC97F914214D12000B6
:106B7000074A0849A847C043C00FFEE67401002039
:106B80005833002050330020210200205C330020C5
:106B9000840100207C0100201B68DCE7022D00D06E
:106BA000EAE62A4BA2881B68120A002BD5D09D6802
:106BB000002D03D0591CC97F9142D8D01B68F4E73F
:106BC000234B1B68002B11D061785A7991421DD15B
:106BD000A288042A06D0052A00D0CDE61A69A26050
:106BE0009B8AB4E69A68A2609B89B0E6194B1B6841
:106BF000002B0BD061789A79914207D1A288072A9D
:106C000000D0B9E61A68A2609B88A0E60F4B1D6809
:106C1000002D02D1012040420AE0EB68002B01D197
:106C20002D68F5E720000C4A0C4998470028F7D159
:106C3000012301301840A0E6A260022900D0A7E697
:106C4000D37891781B020B4381E6C0465C33002069
:106C50005833002054330020840100207C010020A0
:106C600010B500210620FFF715FE10BD10B500215C
:106C70000520FFF70FFE10BD37B50024002000F0FF
:106C80001BF9084B01AD1C80074B2800019300F055
:106C90001FF928002C7000F01BF921000120FFF7DC
:106CA000F9FD37BD2002002080004000F8B5204CDF
:106CB00001000822200000F003FDE288502A06D9D6
:106CC00023787F2B03D8802000F096F9F8BD0020B0
:106CD000184EE260A66022612075824206D02378B9
:106CE0007F2B03D8310000F075FAEFE7FFF7FAFDCC
:106CF0000028E8D0E78825693A00AF4200D92A0089
:106D0000A168E2608B0705D0502ADFD8300000F080
:106D1000D7FCA660AF4205D9AD0603D10123237588
:106D200000F0B2F8E268A168802000F0CDF9CDE76C
:106D3000740100209001002010B5144B80281BD155
:106D40009C68DA686418521A9C602100DA60002A94
:106D500004D1197D002904D011001A7500F0B4F98E
:106D600010BDDA88002AFBD01B787F2BF8D90A00E7
:106D7000080000F02FFAF3E77F2202401A32920057
:106D80009B185B68002BEBD09847E9E77401002063
:106D900070B500281ED1002910D0144B9D68DC6806
:106DA0006D18641A9D60DC600FD1114A9A60FFF77C
:106DB00099FD002803D1803000F01EF970BD22003B
:106DC0002100802000F080F9F8E72200290000F07F
:106DD00001FAF3E77F230340044A22339B00D218D1
:106DE0005368002BEAD09847E8E7C04674010020BA
:106DF000900100200022024B9861AE331A70704758
:106E00007401002010B5084B08491A78431CDA7742
:106E1000074B1C001B68002BFBD10132AE312060F8
:106E200003600A7010BDC0462202002074010020D9
:106E30005C330020037842680078084940B200289B
:106E400006DA7F2003401A339B00CB185A60704744
:106E500022339B00C9184A60F9E7C046740100203C
:106E600010B500F019F810BD002A0AD0054B8000BB
:106E70008A18C01892B20B78013103708BB29A4213
:106E8000F9D17047205C00400122014B1A70704715
:106E9000603300207047000010B5FFF7FBFF0020B3
:106EA0000722044B987318701A72063A9A72587235
:106EB00010BDC046005C0040002801D1024B187094
:106EC000024B187000207047005C004080330020A7
:106ED0000378F7B57F221C001440134212D14021E1
:106EE000414A424B1000198013001185CA3311002A
:106EF0001C700123CC302A312C3203700C701370BB
:106F00000020FEBD782213426AD15BB29C46384A0B
:106F10001423957B6343E9B20191947347784688C3
:106F2000781E4142484165462F498001CB18002D0B
:106F300029DB1C00C8342680A7700124CC33C0B2E2
:106F40001C701076537E234213D090235376082E64
:106F500011D9022003000130DC00B4420ED320001E
:106F600080B2DBB293764B68C018019B4860937384
:106F7000C6E78023EAE708200123F1E74128E9D1A9
:106F800000200123EDE72A25AC469C4465462F707E
:106F900001271E852C331F70A740937A3B43DBB239
:106FA0009372202303431375537D9B070ED548230B
:106FB0005375082E0CD9022003000130DC00B442C6
:106FC00009D3200080B2DBB29375CCE74023EFE712
:106FD00008200123F6E74128EED100200123F2E743
:106FE000012040428DE7C046803300204834002015
:106FF000005C0040002070477F22104B0240997BCC
:1070000040B2C9B29A73002810DB002A07D10720CA
:107010000B4A10706022187C02431A7403E020228D
:10702000587E02435A76002099737047002AEED0AA
:107030001022587D02435A75F5E7C046005C0040B7
:10704000613300207F22124B0240997B40B2C9B2CB
:107050009A73002811DB002A04D104201A7C824391
:107060001A7407E060205A7E82435A765A7E203096
:1070700002435A76002099737047002AEDD03020E1
:107080005A7D82435A754022587D02435A75F1E772
:10709000005C00407F2310B50A4A0340947B40B255
:1070A000E4B29373002808DB002B02D0537E9B06CA
:1070B000DB0F00200B70947310BD002BF9D0537DB3
:1070C000DB06F5E7005C0040F7B513007F221040B7
:1070D000002902D1002B00D06FE03A4A009214221E
:1070E0004243009CA21814002C342478002C66D053
:1070F000354CA57BEDB20195A073677D01253E005F
:107100002E402F4204D00320019BA373404227E06E
:10711000116353639663002843D12C4D2F78FAB244
:10712000012F23D0032A03D0002A16D1002B03D12C
:1071300048232374443B0FE040222274009A128DAE
:107140009A420ED3224E3678002E0AD19AB2FFF719
:107150008BFE0A23237401232B700020019BA37351
:10716000FEBD0020FFF780FE0223F3E7002B05D1D0
:10717000174A13700A332374043BEDE7009A128D0B
:107180009A4209D3124D2D78002D05D19AB2FFF7FE
:107190006BFE0A232374E0E70020FFF765FE02235D
:1071A000F8E7002B04D0128D9A4204D2FFF75CFE60
:1071B00001236375D1E79AB2F8E70120A6E7022020
:1071C000A4E7C04680330020005C0040613300200B
:1071D000603300207F2370B51840002901D1002AB8
:1071E00036D1142444431D4B1B191C00CC34247885
:1071F000002C30D01E001A4CD036A57BA073316015
:107200001900D4310A600022D833EDB21A609042DE
:1072100013D1144A1178CBB201290CD0062B0AD015
:10722000002B05D1217C40330B43237403231370BF
:107230000020A57370BD0523F9E7012211008140EC
:10724000637A0B43DBB26372637E93436376EFE74B
:1072500001204042EEE70220FBE7C04680330020D9
:10726000005C004061330020F0B5A34C85B0237969
:10727000A7796279DEB2D2B20192A27BFFB2D2B21A
:1072800002925B0713D5C0229C4D520000212800BA
:1072900000F0F8F940236B60FFF7EEFC0122637801
:1072A000134363700023A272954A63721370B3078D
:1072B00001D5FFF7D5FCF60701D5FFF7D7FCA67A75
:1072C0003E40F3070FD50025A573207C042307005B
:1072D0008B4AC1B21F40184216D0217C99432174B9
:1072E000157001239E430125002E00D077E0012573
:1072F000667A019B1E400096009B002B00D0B1E0F7
:10730000029BA37305B0F0BDCB0602D58023237486
:1073100017707A4B1878002804D01878C0B2207003
:10732000002018701578E8B2062DDAD80125EBF7A1
:10733000C7FA0414D824535351002942D1D0637C96
:10734000082BCED100236F496F480A78C25401330D
:10735000082BFAD1FFF7AAFCC3E75A6B188D996B7B
:10736000824207D94118121A99635A638020FFF7A5
:10737000E3FCB6E751180022F6E72942B1D0627C5F
:10738000D0B2002A12D11900D0310A6812180A604E
:107390001A00D8321168411811601A00C8321288D8
:1073A000824210D90020FFF7F3FC9AE71A00D0328E
:1073B00011680200534F3D78013A92B20D700131CD
:1073C000002AF8D1DFE7D4331B689942EAD0402382
:1073D000237486E70021C9E70023137081E70123A6
:1073E000AB4000931E4226D00422A573637D134256
:1073F00002D0637D93436375142169433F4F79182D
:107400004B6B0A8D086B934218D980180863896BFF
:107410009B1A5118394803901420684384460398F6
:10742000604481634363002B0ED180202843FFF723
:1074300083FC009B9E430135EDB255E7C0180863FD
:10744000896B59180023E5E79A4200D91A001423E2
:107450006B43FF182800396B92B2FFF705FD01233B
:107460006375E6E70127AF40009B3B4229D001222C
:10747000A573637E134221D0A38B9AB2002B23D134
:10748000142169431D4B5B181800D030016889181E
:107490000160816851188160D42084469C44604614
:1074A00066460068C833801A30601B8893421BD937
:1074B000637A2800BB436372FFF76AFC009BBB43FF
:1074C00000930135EDB217E70E4BA800C018142346
:1074D0006B430E495B58D11889B206781E70013390
:1074E0009EB28E42F9D1CBE70028E1D00122637E23
:1074F00093436376E2E7C046005C0040803300209F
:1075000061330020205C0040A03300205034002074
:1075100070470000034B436000238360C360024B4D
:10752000036170474D75010811750108704780228D
:10753000002352420A7004324A709A328A70163A14
:10754000CB708A714B710B717047704773B543787C
:107550000C0016000579212B21D0222B0FD0202BD7
:1075600029D1C27983791202096868461A4300F06A
:10757000A7F869462800FFF7D9FF002076BDC47838
:10758000837824021C430126210028003140F5F7AE
:10759000EBFF610828003140FFF7D7FFEDE76946B0
:1075A0002800FFF7C4FF206807246946220000F086
:1075B00087F83460E1E701204042DFE7F0B5CE46CE
:1075C0009946030C9C46130447461B0C1D000E00F5
:1075D00061460404240C80B50700100C4B4365433E
:1075E000414360432C0CC01824188C46A34203D995
:1075F00080235B029846C444494679435643230C92
:107600002D042D0C8919634424046019C918C0BCC9
:10761000B946B046F0BDC04670B500260C4C0D4DC5
:10762000641BA410A64209D1002600F075F80A4C8C
:107630000A4D641BA410A64205D170BDB300EB58DF
:1076400098470136EEE7B300EB5898470136F2E76A
:10765000509B0108509B0108549B0108509B010856
:1076600010B5884202D98B18984208D300239A4259
:1076700007D0CC5CC4540133F9E78B5C8354013AE6
:10768000FBD210BD03008218934200D170471970DD
:107690000133F9E7C9B20378002B04D08B4200D143
:1076A00070470130F7E74B42594149420840F7E73C
:1076B00003000A7801311A700133002AF9D17047AA
:1076C000002310B59A4200D110BDCC5CC4540133E4
:1076D000F8E7030030B51D00002A06D00C78013A07
:1076E00001332C700131002CF5D100219A189342FE
:1076F00000D130BD19700133F9E730B500240139EC
:10770000A24201D1002005E0035D01340D5DAB42D2
:10771000F6D0581B30BD0000F8B5C046F8BC08BC18
:107720009E467047F8B5C046F8BC08BC9E467047F8
:107730008E1A00208F1A0020901A0020911A002023
:10774000241B00208C790108AB8301088F79010884
:10775000937901087F790108837901088779010805
:10776000757A0108877B010830780108981F00208E
:1077700000010000941F0020E07A0108E67A010869
:10778000EC7A01085458000054582B0054582D002E
:10779000B3810108BA810108CD7A010800093D00D2
:1077A00000127A000024F4004086510100366E0178
:1077B00000093D0000093D0000093D0000000000F7
:1077C00000000000000000000000000001000000B8
:1077D00002000000030000000400000000000000A0
:1077E0000000000000000000000000000000000099
:1077F0000000000000000000000000000100000088
:107800000200000003000000040000000600000069
:10781000070000000800000009000000081C3044B8
:10782000586C8000080E162030486896C8FF2D2D31
:107830002D0044454C2043483A25643F005B4D5D94
:107840003D5945530044454C455445440053415629
:10785000452043483A2564004D454D2046554C4C43
:10786000002425262122273A3B3F5E607C7B7D0059
:10787000051129415800524553455420414C4C00B4
:107880004B4545502043414C494200484F4C442011
:10789000464E320043414E43454C4C454400455210
:1078A0004153494E472E2E2E00444F4E4521004550
:1078B0005241534520464C41534800484F4C4420C8
:1078C00053494445320041462044414320476169C1
:1078D0006E004146432044697361626C6500434811
:1078E00025750043482D25303475004E6F6E6500B8
:1078F0004E554C4C0025336400414D005553420019
:107900004C4F572042415454455259004C6F6E67BA
:10791000207072657373202300746F20756E6C6F16
:10792000636B004D252E34730025752E253035757B
:10793000002533752E2530357500532575004348D5
:10794000414E4E454C20534352202564004348414C
:107950004E4E454C00534C2025750025643A257346
:10796000004652455155454E435920534352202518
:1079700064004652455155454E4359005458004CF9
:107980006F77004D6564004869676800464D0044A4
:10799000435300444352004255535900424154203E
:1079A0004C4F570054582044495341424C450054D1
:1079B000494D454F555400414C41524D00564F4C96
:1079C00054204849474800313000313030003235CA
:1079D0003000316B00316B323500366B3235003898
:1079E0006B333300396B0031306B0031326B350053
:1079F00031356B0032306B0033306B003130306B1F
:107A0000003132356B003230306B003235306B0074
:107A10003530306B00313A25750025752A3130300C
:107A20006D7300535552453F00574149542100257D
:107A30003032752F2575002B25752E257564420073
:107A400025642E253032756B487A00442530336F1B
:107A50004E00442530336F490025752E2575487A30
:107A6000002533642E2530357500252E33732E25E1
:107A70002E3373202000253032646D3A2530326475
:107A800073005E00253032750A2573004E2F4100C9
:107A900025752E25303275560A25750025752E253B
:107AA000303275562025752525005343414E002060
:107AB000534F4E4943205445414D20004E4F4E45B3
:107AC00000464C4153480A4C49474854004D4F4EDC
:107AD00049544F520050545420544F47474C45008E
:107AE00053484152500053544F434B004F50454E62
:107AF00000464C415400434C45414E004D49440022
:107B0000424F4F5354004D41580032363030487A7E
:107B10000032373030487A0032383030487A00321C
:107B2000393030487A0033303030487A00333130E1
:107B300030487A0033323030487A003333303048BE
:107B40007A0033343030487A0033353030487A00A8
:107B5000313430306D41680A55562D4B3100323585
:107B600030306D41680A55562D4B3100313630307A
:107B70006D41680A55562D4B3500323230306D411B
:107B8000680A55562D52352B00333530306D41681B
:107B90000A55562D4B3500554E4C4F434B0A414C20
:107BA0004C003133362D3137340A3430302D3530F6
:107BB0003000504D522B0A4C504400253032753A5B
:107BC000253032750053256400532B0025752E2572
:107BD000303275560052454C4541534500414C4C9E
:107BE000204B45595300534F4E494320314B0074AD
:107BF0002E6D652F536F6E69634677005658580097
:107C000025752525202025730025642E2564204D0B
:107C1000487A004E5258004D4100415500253364CA
:107C20002E256400204D25640025752E25303475E1
:107C30000054554E4520257325752E253031756B22
:107C400020256464426D005258204E4F5700534522
:107C5000454E005343414E4E494E47004E4F495307
:107C60004520464C4F4F52005343414E4E494E47DC
:107C70002E2E2E00202025752F25750025732020FF
:107C800025730053514C20256464426D3C005351D0
:107C90004C20256464426D004E4F204849545300E7
:107CA000534B495000424C4B20434C4541520042FB
:107CB0004C4F434B454400484954532025752F25CC
:107CC00075004E4F204849545320594554002563B0
:107CD00025730025752E2575002025732020545806
:107CE0002025730053454C4543542042414E4420C7
:107CF00025752F2575003E2573004C4F4747454499
:107D00000056484600324D004D4152494E45004D07
:107D1000494C2D41495200534154434F4D00564860
:107D2000462B5548460031304D00364D0025756BC9
:107D3000253032750025756B00537065637472755C
:107D40006D2044656C61793A00257573004D61784A
:107D50004C697374656E54696D653A00537465704F
:107D60003A004C697374656E2042573A004D6F6457
:107D7000756C6174696F6E3A00506F77657220534D
:107D80006176653A004E6F6973204C564C204F4621
:107D9000463A00506F707570733A0025642E256462
:107DA00073005265636F726420547269673A004BC6
:107DB00065796C6F636B3A004B657920556E6C6F1B
:107DC000636B656400536F756E64426F6F73743AD2
:107DD000005054543A004E494E4A41004C415354CD
:107DE000205258004155544F20524F4745522031A0
:107DF0003073004155544F20524F47455220333085
:107E000073004155544F20524F47455220326D0068
:107E10004155544F20524F47455220356D00415532
:107E2000544F20524F4745522031306D0041555438
:107E30004F20524F4745522033306D004D6F6E69D1
:107E4000746F7220534C00537065637472756D3A91
:107E500000414D20417564696F005265736574205F
:107E600044656661756C7400436C65617220686975
:107E700073746F727900436C65617220626C616328
:107E80006B6C69737400436C656172206E6F6E2059
:107E9000626C61636B6C6973740053617665206812
:107EA0006973746F727900536176652068697374C1
:107EB00020746F2063680044454641554C5420535C
:107EC000455454494E475300504152414D5320535D
:107ED00041564544005363616E6C69737420257587
:107EE0000025643A25732A003C3D3D3D3D00FBDA08
:107EF000DBECE9E9F00054583E00462575004225C8
:107F00007500534C3A25752F25750043483A257561
:107F10000052583E0020253032643A253032640049
:107F200020253032640043543A25752E2575487A51
:107F30002025730044433A442530336F4E20257387
:107F400000257325732025730044594E2053514C4E
:107F50003A204F46460044594E2053514C3A202572
:107F600064004E4F20484953544F52590052414EDD
:107F70004745005025642042414E44533A25642031
:107F800000414C4C205343414E4C495354530045FF
:107F90007869737420434820256400534156454452
:107FA00020544F20434820256400484953544F52E1
:107FB0005920534156454400434C4F5345204341BB
:107FC0004C4C00484953544F52593A2025642F25B0
:107FD0006400484953544F525920454D505459005C
:107FE000535441525420465245510053544F50204F
:107FF0004652455100532532642B253264005325E7
:1080000032640025642064426D003E252D313873B2
:10801000202536750020252D313873202536750032
:1080200042414E445052455345542025643A202540
:10803000642F2564005343414E4C495354533A2016
:1080400025752F257500504152414D4554455253D9
:108050003A00484953544F52593A005343414E2035
:10806000484953544F5259204F4E005343414E20DC
:10807000484953544F5259204F464600554C54528C
:108080004120574154434800535045435452554DA5
:108090002052415700535045435452554D20534DA3
:1080A0004F4F544800424C20414444454400424C08
:1080B0002052454D4F564544004E4F204348414EB7
:1080C0004E454C5300464F554E44004E4F204241C2
:1080D0004E445300556E6C6F636B3A4600536176A5
:1080E00065642050726573657420256400434820E0
:1080F0004D4F4445204F4E4C5900484953544F5220
:108100005920434C454152454400424C41434B4C5D
:1081100049535420434C4541524544004E4F4E2D47
:10812000424C20434C454152454400484953544F2A
:10813000525920434F504945440044656C6574656D
:1081400064004D4F443A20257300534B495050452D
:1081500044004D4F44453A20257300424C2025757C
:108160002E2530357520487A004C6F636B656400AE
:108170004E494E4A4120004C41535452582000432E
:1081800048414E4E454C2000524F47455220004436
:108190005325642000464C20002573204257257348
:1081A000200041252B6420005354257320002564B2
:1081B0002525004E4F524D414C0046524551204C12
:1081C0004F434B0031335F4C4E41730031335F4CB2
:1081D0004E410031335F5047410031335F4D4958C4
:1081E000005854414C2046204D6F64652053656C07
:1081F0006563740052462054782044657669617442
:10820000696F6E00436F6D70726573732041462015
:10821000547820526174696F00436F6D707265739A
:1082200073204146205478203020644200436F6D13
:108230007072657373204146205478206E6F6973A5
:1082400065004D4943204147432044697361626C96
:1082500065004146432052616E67652053656C6539
:1082600063740041464320537065656400336B4876
:108270007A2041462052657370204B205478003399
:108280003030487A2041462052657370204B20548C
:108290007800333030487A20414620526573702090
:1082A0004B20527800336B487A2041462052657348
:1082B00070204B2052780031322E356B00382E332F
:1082C000336B00362E32356B003230306D73003533
:1082D00030306D73003173003273003573003373C7
:1082E0000036730032307300316D0032306D005350
:1082F0006F6E696320314B00534F4E4943204D55FB
:108300004C5449424F4F54004D454E550045584935
:108310005400506C65617365207761697400536324
:10832000616E6E696E6720736C6F74732E2E2E00F3
:10833000496E6974204D61696E00444F204E4F5460
:1083400020504F574552204F464600577269746976
:108350006E67202F20566572696679006572726FAC
:108360007200434647204552524F52005072657387
:108370007320616E79206B657900526573746F723A
:1083800065204D61696E3F00526573746F726520A0
:108390004D61696E0052656C65617365206B65792E
:1083A0007300515549540053454C45435400534CB8
:1083B0004F54204E4F542056414C494400424143B3
:1083C0004B00434F4E4649524D004D61726B6572F2
:1083D000206E6F7420736176656400535441544578
:1083E000204552524F5200524553544F524520524D
:1083F00045465553454400526573746F726520734A
:108400006C6F7420303F00526573746F7265207317
:108410006C6F7420300052657374617274207261E5
:1084200064696F00466C61736820737461746520C1
:10843000756E6B6E6F776E004F4B00656D70747963
:10844000006E65772068656164657200696E636FB0
:108450006D706C657465006261642073697A650093
:10846000435243204552524F5200535049204552E7
:10847000524F520062616420696E646578006175D4
:1084800074680052414D204C4F4144204552524F98
:1084900052002830484058205C34121113130A014E
:1084A00004070B0205080C0306090D0E000FA2C0FD
:1084B000A1A6A424811F2F40AF000000F1530008A3
:1084C000FD880008FD880008315500086552000845
:1084D0002D540008FD880008FFFF7E7E3C3C1818E4
:1084E000003E2241414141414141414141414141DF
:1084F0007F5D5D0013001500160019001A001E00B4
:108500002300270029002B002C00350039003A00F9
:108510003B003C004C004D004E00520055005900FD
:108520005A005C00630065006A006D006E00720016
:1085300075007A007C0085008A0093009500960003
:10854000A300A400A500A600A900AA00AD00B100E8
:10855000B300B500B600B900BC00C600C900CD002C
:10856000D500D900DA00E300E600E900EE00F400EF
:10857000F500F90009010A010B01130119011A01A3
:10858000250126012A012C012D013201340135017A
:108590003601430146014E01530156015A0166015D
:1085A000750186018A019401970199019A01AC0134
:1085B000B201B401C301CA01D301D901DA01DC015E
:1085C000E301EC019E02B502CF02E80202031D03A3
:1085D0003903560375039303B403CE03E8030B0476
:1085E000300455047C04A404CE04F9042605550582
:1085F0008505B605EA051F063E06560677068F0670
:10860000B106CA06ED0607072B0746076B07880762
:10861000AE07CB07F30711083B088508D108F3081C
:1086200020097209C709ED090000000017000300C6
:10863000031F0A1F0A1F050904120F171C0003005D
:10864000000E11110E00050205040E0410080004AE
:1086500004040010001804031E110F021F00191556
:108660001211150A07041F1715091E151D190503F8
:108670001F151F17150F000A00100A00040A110A1F
:108680000A0A110A040115030E15161E051E1F15F0
:108690000A0E11111F110E1F15151F05050E151DB0
:1086A0001F041F111F1108100F1F041B1F10101F84
:1086B000061F1F0E1F0E110E1F05020E191E1F0D85
:1086C00016121509011F010F101F0718071F0C1F95
:1086D0001B041B031C031915131F1111020408119D
:1086E000111F0201021010100102001A161C1F12A5
:1086F0000C0C12120C121F0C1A16041E050C2A1E4A
:108700001F021C001D0010201D1F0C12111F101E27
:108710000E1E1E021C0C120C3E120C0C123E1C02F1
:1087200002141E0A021F120E101E0E180E1E1C1E10
:10873000120C1206281E1A1E16041B11001B001113
:108740001B0402030112171200005E5E0000000607
:1087500000060000143E143E140026497F493200F2
:108760006333180C6663304B4D55225000000707E9
:108770000000001C224100000041221C0000002AD1
:108780001C1C2A0008083E08080000406020000069
:108790000008080808000000606000004020100881
:1087A00004023E7F41417F3E00417F7F4000627175
:1087B00051494F46224149497F361814127F7F1094
:1087C000274745457D393E7F49497B320101797D07
:1087D0000703367F49497F36064F49497F3E0000EF
:1087E0006C6C000000406C2C0000081C36634100DB
:1087F0001414141414004163361C080002015109BA
:108800000600304A4A523C007E7F11117F7E7F7FF6
:1088100049497F363E7F414163227F7F41417F3E10
:108820007F7F494941417F7F090909013E7F4151CD
:1088300073327F7F08087F7F00417F7F4100206087
:10884000417F3F017F7F0C1E73617F7F404040402E
:108850007F7F06067F7F7F7F08107F7F3E7F4141BD
:108860007F3E7F7F11111F0E3E7F41617F5E7F7FC4
:1088700011117F6E266F49497B3201017F7F010113
:108880003F7F40407F3F1F3F60603F1F3F7F303052
:108890007F3F777708087777070F78780F07617140
:1088A000594D4743007F4141000001020408106018
:1088B000000041417F0004020102040040404040AA
:1088C00040400003070600007C7E12127E7C7E7E04
:1088D0004A4A4A3C3C7E424266247E7E42427E3C7C
:1088E0007E7E4A4A4A427E7E121212023C7E4252EA
:1088F00076347E7E08087E7E00427E7E42000060E6
:1089000060407E3E7E7E183C66427E7E4040404017
:108910007E7E04047E7E7E7E08107E7E3C7E424209
:108920007E3C7E7E12121E0C3C7E42623E5C7E7E4F
:1089300012127E6C444E4A4A7A3A02027E7E02024B
:108940003E7E40407E3E1E3E60603E1E3E7E2020BB
:108950007E3E767608087676060E78780E06627287
:108960005A4E460008364100000000007F0000001B
:1089700000004136080004020408040000005E0004
:108980000000000600060000143E143E14002649B4
:108990007F493200631308046261304B4D55225009
:1089A000000007070000001C224100000041221CBB
:1089B0000000002A1C1C2A0008083E08080000408D
:1089C0006020000000080808080000006060000047
:1089D0004020100804023E414141413E0040427F98
:1089E000404062515149494622414949493618148B
:1089F00012117F102745454545393E4949494932BD
:108A00000101710905033649494949364649494931
:108A1000291E00006C6C000000406C2C0000081443
:108A20002241000014141414140000412214080000
:108A3000020151090600304A4A523C007E090909E8
:108A4000097E7F49494949363E41414141227F41A2
:108A50004141413E7F49494949417F09090909018D
:108A60003E414949493A7F080808087F0000417F94
:108A700041002041413F01017F080C1221407F400D
:108A8000404040407F020404027F7F020408107FC0
:108A90003E414141413E7F111111110E3E41516154
:108AA000413E7F111111116E264949494932010198
:108AB0007F0101003F404040403F073840403807B9
:108AC0003F403030403F76080808760007087008BD
:108AD0000700615149454341007F414100000102C7
:108AE00004081060000041417F00040201020400FC
:108AF0004040404040400003070600007C12121234
:108B00007C007E4A4A4A34003C42424224007E4273
:108B100042423C007E4A4A4A42007E0A0A0A020059
:108B20003C42525234007E0808087E000000427E1B
:108B30004200204040403E007E08142240007E401B
:108B4000404000007E0408047E007E0408107E0081
:108B50003C4242423C007E1212120C003C42422235
:108B60005C007E1212126C00444A4A4A3200020231
:108B70007E0202003E4040403E000E3040300E007B
:108B80003E4020403E00760808087600060870083F
:108B900006004262524A46000836410000000000CA
:108BA0007F000000000041360800040204080400B1
:108BB000FCFEFE06060606FEFEFC3F7F7F60606050
:108BC000607F7F3F0000181CFEFEFE0000000000DA
:108BD00000007F7F7F00000004060606060686FE72
:108BE000FE7C2070787C6E676361602004060686D8
:108BF000868686FEFE7C206060616161617F7F3ECB
:108C000080C0E070381C0EFEFEFE0F0F0F0C0C0C27
:108C10000C7F7F7FFCFEFE8686868686860420612A
:108C200061616161617F7F3FFCFEFE86868686868C
:108C300086043F7F7F616161617F7F3F0406060696
:108C40000686E6FE7E1C000000007C7F7F0300009D
:108C50007CFEFE86868686FEFE7C3F7F7F616161AC
:108C6000617F7F3FFCFEFE86868686FEFEFC2061DD
:108C700061616161617F7F3F008080808080808052
:108C8000800000010101010101010100000000FC60
:108C9000FC00000000000D0D0000000F1F00001F71
:108CA0000F0000000000000020F8F820F8F8200273
:108CB0000F0F020F0F0270F8888E8E9810040C08A8
:108CC00038380F0730300080C060300C06030100D8
:108CD0000C0C80D87CE4BCD840070F0808070F08AC
:108CE00000101F0F00000000000000000000000046
:108CF000F0F80C0400000003070C08000000040C4E
:108D0000F8F0000000080C0703000080A0E0C0E0BD
:108D1000A000000203010302008080E0E0808000E8
:108D2000000003030000000000000000000000102D
:108D30001E0E000080808080808080000000000087
:108D40000000000000000000000000000C0C00000B
:108D500000000080C060300C060301000000F8FC39
:108D6000040404FCF8070F0808080F07001018FC9B
:108D7000FC00000008080F0F0808181C0484C47CBD
:108D8000380C0E0B09080808181C444444FCB806AB
:108D90000E0808080F0780C0603018FCFC010101B4
:108DA00001010F0F7C7C444444C484040C0808086F
:108DB0000F07F0F84C4444C480070F0808080F0759
:108DC00004040484E47C1C00000E0F010000B8FCC5
:108DD000444444FCB8070F0808080F0778FC848453
:108DE00084FCF8000808080C07030000003030007D
:108DF0000000000006060000000000303000000007
:108E000000080E0600000080C06030180800000155
:108E100003060C084040404040404002020202026B
:108E200002020008183060C08000080C0603010030
:108E3000383C0484C47C380000000D0D0000F0F8BC
:108E400008C8C8F8F0070F080B0B0B01F8FC848466
:108E500084FCF80F0F0000000F0FFCFC444444FC9E
:108E6000B80F0F0808080F07F8FC0404041C1807C3
:108E70000F0808080E06FCFC04040CF8F00F0F089D
:108E8000080C0703FCFC44444404040F0F080808C2
:108E90000808FCFC44444404040F0F0000000000D8
:108EA000F8FC0484849C98070F0808080F07FCFC52
:108EB000404040FCFC0F0F0000000F0F000004FCBE
:108EC000FC04000000080F0F080000000004FCFC78
:108ED00004060E08080F0700FCFCE030180C040F15
:108EE0000F0103060C08FCFC00000000000F0F0837
:108EF00008080808FCFC187018FCFC0F0F000000A4
:108F00000F0FFCFC60C080FCFC0F0F0000010F0F76
:108F1000F8FC040404FCF8070F0808080F07FCFC21
:108F2000848484FC780F0F0000000000F8FC040427
:108F300004FCF8070F080C0C1F17FCFC848484FC4D
:108F4000780F0F0103060C08387C444444CC880693
:108F50000E0808080F07000404FCFC0404000000CD
:108F60000F0F0000FCFC000000FCFC070F080808C5
:108F70000F077CFC800080FC7C00030F0C0F0300BB
:108F8000FCFC008000FCFC0F0F0603060F0F0C3CDE
:108F9000F0C0F03C0C0C0F0300030F0C003C7CC035
:108FA000C07C3C0000000F0F0000040484C4643C3B
:108FB0001C0E0F09080808080000FCFC040400004F
:108FC000000F0F0808003870E0C0800000000000AB
:108FD0000103070E00000404FCFC00000008080F59
:108FE0000F00080C0603060C08000000000000003B
:108FF0000000000000000020202020202020000091
:1090000003070400000000000000000000A0A0A072
:10901000A0E0C0070F0808080F0FFCFC202020E08C
:10902000C00F0F0808080F07C0E02020206040078D
:109030000F0808080C04C0E0202020FCFC070F08E3
:1090400008080F0FC0E0202020E0C0070F09090921
:1090500009012020F8FC24240400000F0F00000068
:10906000C0E0202020E0E0074F4848487F3FFCFC5C
:10907000202020E0C00F0F0000000F0F000020ECA8
:10908000EC00000000080F0F08000000000020ECBA
:10909000EC00307040407F3FFCFC0080C060200F3F
:1090A0000F0103060C08000004FCFC00000000088F
:1090B0000F0F0800E0E020E020E0C00F0F000F00DD
:1090C0000F0FE0E0202020E0C00F0F0000000F0F86
:1090D000C0E0202020E0C0070F0808080F07E0E0EC
:1090E000202020E0C07F7F0808080F07C0E0202074
:1090F00020E0E0070F0808087F7FE0E02020204004
:10910000000F0F0000000000C0E0202020202008F9
:10911000090909090F062020FCFC20200000000797
:109120000F080808E0E0000000E0E0070F0808086A
:109130000F0FE0E0000000E0E000030F0C0F030061
:10914000E0E0008000E0E0070F080F080F0760E094
:10915000800080E0600C0E0301030E0CE0E00000D4
:1091600000E0E0074F4848487F3F202020A0E06013
:10917000200C0E0B09080808000040F8BC0404008D
:109180000000070F0808000000BCBC000000000041
:109190000F0F0000000404BCF840000008080F078F
:1091A0000000080C040C080C040000000000000083
:1091B000000102030405060708090A0B0C0D0E0F37
:1091C0001011121314151617010005000A001900DA
:1091D000320064007D00FA00F4017102410384034F
:1091E000E803E204DC05D007C409B80B8813102794
:1091F000D430204EA86150C3C05C150080CBA400C1
:1092000080CBA400A00BD100A00BD100C08009012D
:10921000C0800901C00E1602C00E1602005A62027A
:10922000005A6202C029CD02C029CD020005EA061B
:109230003C0364002E036100F8021900D902060005
:1092400076020000000000000000000040036400FF
:109250002D035F00E4023C00C3021500AA020500D2
:109260007602000000000000450364003A035F003E
:10927000EE023200BC0219006C0205005802000028
:10928000000000003C0364002D036100F602190099
:10929000D602060076020000000000000000000078
:1092A0004703640032035F00E9023700BF02190080
:1092B0009C0205006F020000000000000308101867
:1092C000202830383F000A00E80302000800280088
:1092D0001000F00028026400040009900032099098
:1092E000A933099000364685F03A6685003D0003B3
:1092F00090990990A931000590990990A93100062B
:1093000090994688C038464D0000414D00005553A5
:1093100042000000C678010848000F00010000006C
:10932000D2780108730401000100000080000000F1
:10933000C7790108CF790108CA790108CE790108F7
:10934000AE7B0108D2790108D5790108EC790108D2
:10935000BA820108DA790108DF790108E4790108A5
:10936000E7790108EB790108F0790108F47901083F
:10937000C5820108F87901080C7A0108FC79010816
:10938000017A0108067A01080B7A0108107A0108AF
:1093900004000000BC7A010800000000C17A010846
:1093A00001000000CD7A010802000000D57A010812
:1093B000030000004E4152524F570000004E4152F0
:1093C000524F574552000000E07A0108E67A010842
:1093D000EC7A0108F17A0108F67A0108FC7A0108B2
:1093E000007B0108067B01084B4559530000000033
:1093F000004B4559532B505454000000527F010834
:109400000A7B0108117B0108187B01081F7B0108FA
:10941000267B01082D7B0108347B01083B7B01087A
:10942000427B0108497B0108507B0108507B010801
:109430005E7B01086C7B01087A7B0108897B01084F
:109440004E4F4E4500000000564F4C5441474500DA
:1094500050455243454E54004F4646000000545874
:109460000000000052580000000054582F525800CD
:10947000977B0108997B0108A27B0108B27B010858
:109480004E6F434800414C4C00004F4646000000E0
:109490004D4152494F00424C4153540052324432E4
:1094A0000000524F47455200414D42554C004F5528
:1094B000524F00004B4C4143000050495500000002
:1094C000534F4E4943004F4E0000000000004C4FE8
:1094D000474F000000004F464600000000004E2F9E
:1094E00041004F4646004F4E00005749444500009A
:1094F000004E4152524F57004F4646002B0000008D
:109500002D000000537465700000000153716C0061
:10951000000000004D6F64650000001E5278444357
:109520005300000252784354435300035478444399
:1095300053000004547843544353000554784F6655
:109540006673000754784F4469720006572F4E0027
:10955000000000095365744E464D00295363726143
:109560006D62000A436F6D706E640018526F67651C
:109570007200001B53544500000000155250205348
:109580005445001643684C69737400144368536172
:109590007665000B436844656C65000C43684E615A
:1095A0006D65000D463153687274002B46314C6F67
:1095B0006E67002C463253687274002D46324C6F31
:1095C0006E67002E4D204C6F6E67002F4B65794CF7
:1095D000636B00135478544F7574000842617453E0
:1095E0006176000E4D69630000000017504F6E4D0C
:1095F0007367001A424C54696D65000F424C4D6907
:109600006E000011424C4D6178000012424C5478BB
:1096100052780010536574496E76002442746E4986
:109620006E7600255365744C636B0026426174545A
:109630007874001D4D69634261720027536574544C
:109640006D720028536574527841001F46204C6F9C
:10965000636B002142617443616C002A426174545F
:1096600079700030526573657400002000000000BE
:10967000000000FF534F4E49430D0A00536F6E69BF
:109680006320314B00534F4E494320565858001623
:109690006C14E62E910D402135D5401303E980125C
:1096A000010002EF020140B736FFFF000101020393
:1096B0000109024B000201008032080B0002020285
:1096C000010009040000010202010205240010014A
:1096D00005240100010424020205240600010705F7
:1096E000830308000A09040100020A0000000705BC
:1096F0000202400000070581024000000403090443
:109700000A0350005500590041001C035000550049
:109710005900410020004300440043002000440061
:1097200045004D004F001603320030003200320079
:1097300031003200330034003500360000003804B8
:1097400038048403F8026B03F802F8028002080070
:10975000801001020000C0401F0A2E00FF02115BB2
:1097600000001E41000000CE0000000000109731F4
:109770000000FF1352980000000008000000E151B3
:10978000BCA84526E400D81C503AE0EA00300002AC
:109790000000020202040404060606022C58022CF1
:1097A00058022C58FF0188FFECFF000070FEFFFFFD
:1097B00038FFFFFFC800000090010000C00DB4009A
:1097C000A00BD1000000000000000000137D010884
:1097D000A00BD100C08009010000000000000000C3
:1097E000017D010800BADB0080D4E1000000000028
:1097F00000000000057D01088009EE00E0B7F800D8
:109800000000000000000000087D0108A052570180
:10981000005A620200000000000000000F7D0108F5
:10982000005A6202C029CD020000000000000000C2
:10983000227D010800366E01C0FC9B010000000083
:1098400000000000177D0108C00DB400C0800901B0
:10985000005A6202C029CD021E7D0108C00DB4006D
:10986000C029CD0200000000000000009E7B01081E
:10987000003FAB01A02FC501000000000000000068
:10988000267D010880F0FA0280F93703000000000D
:10989000000000002A7D010880B92A0090512D00A7
:1098A000A086010002000000404B4C00C065520041
:1098B000A08601000200000000BADB0080D4E100B5
:1098C00060EA000002000000C0BE5201A052570131
:1098D0000071020002000000C020900240A5AE020C
:1098E00020A10700020000000014283CC4810108E8
:1098F0001308030001000000CC81010813050700D4
:1099000001000000D38101081300070001000000DE
:10991000DA8101081303030001000000E18101085E
:109920003C06030001000000F48101084000FF0F25
:109930000A00000004820108290E03000100000053
:109940001982010829077F00010000002D8201080B
:1099500029007F000100000042820108190F010068
:109960000100000052820108730B07000100000093
:10997000D27801087304010001000000638201082D
:1099800073053F00010000006D8201087400FFFFB5
:10999000640000007F8201084400FFFF64000000B3
:1099A0007F8201084500FFFF6400000092820108E9
:1099B0005400FFFF64000000928201085500FFFF81
:1099C00064000000A58201087500FFFF640000002C
:1099D0000000140032006400C800F401527F010846
:1099E000C9820108CF820108D5820108D882010806
:1099F000DB8201080000030006000A0014003C009E
:109A00002C015802B0040807527F0108DE820108C9
:109A1000E1820108EF7D0108E4820108E882010883
:109A20001B7E0108297E0108EB820108387E0108AF
:109A300000000000F4010000E8030000B80B000083
:109A40008813000010270000010005000A0019001B
:109A50003200B80BC409C409C409C409C4098C0A7A
:109A6000B80BC409B80BA00FC409B80B8813102792
:109A7000D430204EA86150C3010005000A0019002F
:109A8000320064007D00FA00F40171024103840396
:109A9000E803E204DC05D007C409B80B88131027DB
:109AA000D430204EA86150C3C7790108CF7901088E
:109AB000CA790108CE790108AE7B0108D279010884
:109AC000D5790108EC790108BA820108DA79010830
:109AD000DF790108E4790108E7790108EB790108E9
:109AE000F0790108F4790108C5820108F8790108C4
:109AF0000C7A0108FC790108017A0108067A01084C
:109B00000B7A0108107A01083832FF1F6032FF1FFC
:109B10008832FF1FB032FF1FD832FF1F3832FF1FBD
:109B20003832FF1F3832FF1F388401083B84010898
:109B3000418401084C8401085784010860840108AD
:109B40006A840108748401087E8401088384010802
:049B5000052D0008D7
:049B5400D92C000800
:109B580000127A00FFFFFFFFFFFFFFFF0000000178
:109B680013130000FD88000861DE00083550000866
:109B7800BD4F00080D500008CD4F0008C56900080A
:109B88004D7800086DDA00080A01FF00200378000C
:109B9800E803F1E7ECFCF9FAFF010AFF3200F401EF
:109BA800642F0F14C8000000757A0108977901081E
:109BB8009C790108A4790108AF790108B7790108EF
:109BC800BD790108E1B10008B9B60008BDDC00089C
:109BD800FF00000081000000CDD400080200000052
:109BE80065D4000801B201FF010000000100000077
:109BF800A5A5A5A513FFFFFFFFFF0000C58201086B
:109C0800B7820108BD820108C3820108BA8201082F
:109C1800010000000100000080380100001700006A
:109C28001400000088FFC4FF000000000F000000BF
:109C3800000000000000000000000000000000001C
:109C4800000000000000000000000000000000000C
:109C580000000000000000000000000000000000FC
:109C680000000000000000000000000000000000EC
:109C780000000000000000000000000000000000DC
:109C880000000000000000000000000000000000CC
:109C9800000000000101010113130000010101018E
:109CA8000F00F40119280000C0D8A700C05C1500F7
:109CB800DC050000C05C1500C05C1500FFFFFFFF5D
:049CC800FF00000099
:109CCC000000000000000000000000000000000088
:109CDC000000000000000000000000000000000078
:109CEC000000000000000000000000000000000068
:109CFC000000000000000000000000000000000058
:109D0C000000000000000000000000000000000047
:109D1C000000000000000000000000000000000037
:109D2C000000000000000000000000000000000027
:109D3C000000000000000000000000000000000017
:109D4C000000000000000000000000000000000007
:109D5C0000000000000000000000000000000000F7
:109D6C0000000000000000000000000000000000E7
:109D7C00022230B50C4B0D4CA56815420AD00C4A8A
:109D8C00094B10700120A568054208D013780120FA
:109D9C000B7003E0013B002BEED1002030BD013BEA
:109DAC00002BF0D1F9E7C046A08601000038004036
:109DBC000C3800408023064806495B020A691A42A7
:109DCC0001D1012002E001380028F7D17047C046CC
:109DDC008096980000200240BFF34F8F024B034A3D
:109DEC00DA60BFF34F8FFEE700ED00E00400FA05E8
:109DFC00022210B50B4B0C498C68144209D00B4A4B
:109E0C00084B107001208C68044207D00120137895
:109E1C0003E0013B002BEFD1002010BD013B002BD8
:109E2C00F1D1F9E7A0860100003001400C3001406F
:109E3C00F0B5CDB004921A000793531E9A41070057
:109E4C000391099272B6AB4C6369002B03DAAA4BEF
:109E5C00A360AA4BA360AA4B236100230593019333
:109E6C000893EC235B0202938022049B520006931E
:109E7C00934200D906920023FF210CAAD21811702C
:109E8C008022013352009342F6D1049B002B39D02F
:109E9C00A023F83ADB059A620AAB0320D91DFFF721
:109EAC0067FF002800D1A8E0039B180C0AABC0B2D6
:109EBC00D91DFFF75DFF002800D19EE0039B180A17
:109ECC000AABC0B2D91DFFF753FF002800D194E0B4
:109EDC006B46187B0AABD91DFFF74AFF002800D14F
:109EEC008BE000250CABFF205919FFF741FF002830
:109EFC0000D182E0069B0135AB42F3D8A0230822A7
:109F0C00DB059A6100230CAA995CFF292FD1013340
:109F1C0001318B42F8D100260325FFF74BFF0028B7
:109F2C006BD0022263691343636101235B423B6084
:109F3C00FFF740FF002860D00222636993436361FE
:109F4C006F4B2361002E21D001236269134363619F
:109F5C0000230CAA9800C119805808603E2B08D128
:109F6C008021636909030B4363613F23F2E70126F8
:109F7C00D2E70133402BEDD1FFF71CFF00283CD07A
:109F8C0001226369934363615D4B236100230CAA37
:109F9C00D9190868995888422CD18021043349007A
:109FAC008B42F5D1099B002B5ED0089B2D220133EF
:109FBC000893019B76330193EC235B000199994242
:109FCC002AD2089BDB0604D08023029A5B009A42BB
:109FDC004AD1A025042240264A4BED059A62B720AF
:109FEC00AE62FFF705FF002825D14023AB610023AB
:109FFC00099336E0013D002D8FD1A0230822DB050B
:10A00C009A616369404A13406361802362691B064D
:10A01C0013436361FFF7E0FE0199D939FF390191D0
:10A02C0005997529CAD80598079909184A7101002C
:10A03C0001310591C2E71020FFF7DAFE0028D4D0D9
:10A04C000420FFF7D5FE0028CFD0AE61079D2E006F
:10A05C0080362878FFF7CCFE0028C8D00135B542F1
:10A06C00F7D10423274A9361069A039B94466344D1
:10A07C000393049B01379B1A0493029BFF37013B0C
:10A08C00FF3B0293002B00D0EEE6802362691B0697
:10A09C0013436361099B002BBCD0A027029CFF05D6
:10A0AC000423B020174D2043AB623C33BB62FFF757
:10A0BC009FFE002802D10423AB61ABE71020FFF711
:10A0CC0097FE0028F7D00420FFF792FE0028F2D06C
:10A0DC0040238026BB610020FFF78AFE0028EAD0CF
:10A0EC00013E002EF7D104230134E4B2AB61082CFD
:10A0FC00D6D18FE70020024023016745AB89EFCD15
:0CA10C001180000000040050FCFFF7FF71
:0400000508002D7D45
:00000001FF
